Country,Artist,Album,Genre,Release Year,Monthly Listeners (Millions),Total Streams (Millions),Total Hours Streamed (Millions),Avg Stream Duration (Min),Platform Type,Streams Last 30 Days (Millions),Skip Rate (%),Royalty_Revenue_USD,Royalty_Revenue_NGN,Estimated_GDP_Impact,Estimated_Jobs_Created
Germany,Taylor Swift,1989 (Taylor's Version),K-pop,2019,23.1,3695.53,14240.35,4.28,Free,118.51,2.24,11086590.000000002,16629885000.000002,41574712500.00001,4157.4712500000005
Brazil,The Weeknd,After Hours,R&B,2022,60.6,2828.16,11120.44,3.9,Premium,44.87,23.98,8484480.0,12726720000.0,31816800000.0,3181.68
United States,Post Malone,Austin,Reggaeton,2023,42.84,1425.46,4177.49,4.03,Free,19.46,4.77,4276380.000000001,6414570000.000001,16036425000.000002,1603.6425000000002
Italy,Ed Sheeran,Autumn Variations,K-pop,2018,73.24,2704.33,12024.08,3.26,Premium,166.05,25.12,8112990.0,12169485000.0,30423712500.0,3042.37125
Italy,Ed Sheeran,Autumn Variations,R&B,2023,7.89,3323.25,13446.32,4.47,Free,173.43,15.82,9969750.0,14954625000.0,37386562500.0,3738.65625
Sweden,Billie Eilish,Happier Than Ever,Indie,2019,37.65,1087.06,3298.09,4.37,Free,122.22,7.67,3261180.0,4891770000.0,12229425000.0,1222.9425
France,Bad Bunny,Nadie Sabe Lo Que Va a Pasar Mañana,Rock,2021,27.72,4630.69,17950.05,2.94,Premium,168.73,31.26,13892069.999999998,20838104999.999996,52095262499.99999,5209.526249999999
France,Doja Cat,Scarlet,Pop,2020,40.72,377.63,1633.73,3.63,Premium,43.31,20.47,1132890.0,1699335000.0,4248337500.0,424.83375
Sweden,Bad Bunny,Nadie Sabe Lo Que Va a Pasar Mañana,K-pop,2019,25.42,2828.77,8558.4,3.67,Premium,73.04,39.9,8486310.0,12729465000.0,31823662500.0,3182.36625
United Kingdom,Ariana Grande,Eternal Sunshine,Rock,2018,75.82,4312.46,12099.39,2.82,Premium,119.69,16.01,12937380.000000002,19406070000.000004,48515175000.00001,4851.517500000001
Argentina,Dua Lipa,Future Nostalgia,Jazz,2020,97.14,4310.86,10876.14,3.94,Premium,153.95,14.27,12932580.0,19398870000.0,48497175000.0,4849.7175
South Korea,BLACKPINK,BORN PINK,Reggaeton,2021,1.32,3624.36,14277.66,4.44,Free,102.03,5.15,10873080.0,16309620000.0,40774050000.0,4077.405
South Korea,Doja Cat,Scarlet,Jazz,2022,20.69,1900.87,5366.34,4.41,Free,120.19,20.06,5702610.0,8553915000.0,21384787500.0,2138.47875
Germany,SZA,SOS,Indie,2020,24.71,1242.31,4515.44,2.66,Premium,163.39,39.14,3726930.0,5590395000.0,13975987500.0,1397.59875
South Africa,Post Malone,Austin,Reggaeton,2019,66.32,4736.9,13406.63,3.56,Premium,192.91,37.23,14210700.0,21316050000.0,53290125000.0,5329.0125
Australia,Karol G,MAÑANA SERÁ BONITO,K-pop,2021,99.52,3266.9,11029.71,3.54,Free,50.33,3.5,9800700.0,14701050000.0,36752625000.0,3675.2625
United States,Ed Sheeran,Autumn Variations,Jazz,2019,59.26,85.59,335.14,2.62,Free,181.18,34.53,256770.0,385155000.0,962887500.0,96.28875
Brazil,Ariana Grande,Eternal Sunshine,R&B,2020,67.23,1110.47,3070.03,4.37,Premium,49.36,19.45,3331410.0,4997115000.0,12492787500.0,1249.27875
Netherlands,The Weeknd,After Hours,Hip Hop,2018,66.24,1803.77,5992.49,4.23,Free,135.0,39.38,5411310.0,8116965000.0,20292412500.0,2029.24125
Germany,Taylor Swift,1989 (Taylor's Version),EDM,2023,34.59,4315.28,12934.24,2.88,Premium,28.9,8.16,12945839.999999998,19418759999.999996,48546899999.99999,4854.69
Sweden,The Weeknd,After Hours,Hip Hop,2021,80.99,4287.04,11557.08,3.8,Free,193.83,37.13,12861120.0,19291680000.0,48229200000.0,4822.92
France,Bad Bunny,Nadie Sabe Lo Que Va a Pasar Mañana,EDM,2021,48.65,4330.02,18640.24,2.83,Free,197.08,11.34,12990060.000000002,19485090000.000004,48712725000.00001,4871.272500000001
Sweden,BTS,Proof,EDM,2023,95.77,4977.34,17975.85,3.94,Free,38.79,9.49,14932020.000000002,22398030000.000004,55995075000.00001,5599.507500000001
India,Ed Sheeran,Autumn Variations,Jazz,2018,75.05,332.97,1221.45,3.51,Free,12.32,20.81,998910.0000000001,1498365000.0000002,3745912500.0000005,374.59125000000006
Canada,Drake,For All The Dogs,Classical,2018,67.85,1214.26,3326.8,4.28,Free,116.2,2.55,3642780.0,5464170000.0,13660425000.0,1366.0425
Brazil,BLACKPINK,BORN PINK,Classical,2022,52.76,4676.8,13602.56,3.93,Free,53.86,6.1,14030400.0,21045600000.0,52614000000.0,5261.4
South Korea,Dua Lipa,Future Nostalgia,Indie,2018,1.92,3124.74,11330.27,2.7,Free,101.67,6.17,9374220.0,14061330000.0,35153325000.0,3515.3325
Italy,SZA,SOS,Hip Hop,2019,37.58,830.85,3462.56,3.91,Free,133.9,22.63,2492550.0,3738825000.0,9347062500.0,934.70625
Germany,SZA,SOS,Reggaeton,2020,12.43,579.83,2091.13,3.04,Free,143.8,8.94,1739490.0000000002,2609235000.0000005,6523087500.000001,652.3087500000001
Mexico,Ariana Grande,Eternal Sunshine,Rock,2020,90.63,4238.21,11377.89,3.35,Premium,9.77,14.01,12714630.0,19071945000.0,47679862500.0,4767.98625
United Kingdom,Billie Eilish,Happier Than Ever,K-pop,2019,74.38,2780.82,9330.69,2.52,Free,189.07,27.95,8342460.000000001,12513690000.000002,31284225000.000004,3128.4225000000006
United Kingdom,Ariana Grande,Eternal Sunshine,Pop,2020,58.67,783.06,2157.24,3.12,Free,179.89,9.19,2349180.0,3523770000.0,8809425000.0,880.9425
France,Billie Eilish,Happier Than Ever,Hip Hop,2020,78.23,4426.47,14663.81,3.74,Free,185.23,10.23,13279410.0,19919115000.0,49797787500.0,4979.77875
Canada,Post Malone,Austin,Reggaeton,2021,3.45,3695.99,11695.48,4.36,Free,54.09,31.71,11087970.0,16631955000.0,41579887500.0,4157.98875
Germany,BLACKPINK,BORN PINK,Pop,2021,23.02,4092.1,13997.46,3.11,Free,45.36,26.74,12276300.0,18414450000.0,46036125000.0,4603.6125
Spain,Olivia Rodrigo,Guts,K-pop,2018,96.72,1431.67,5415.96,3.3,Premium,187.91,5.5,4295010.0,6442515000.0,16106287500.0,1610.62875
Mexico,Bad Bunny,Nadie Sabe Lo Que Va a Pasar Mañana,Classical,2020,4.79,3003.03,9583.79,4.07,Premium,121.64,20.95,9009090.0,13513635000.0,33784087500.0,3378.40875
Spain,SZA,SOS,Classical,2019,26.22,3558.49,8908.26,4.35,Free,73.48,3.73,10675469.999999998,16013204999.999998,40033012499.99999,4003.301249999999
Japan,Ed Sheeran,Autumn Variations,Indie,2023,84.95,3612.78,11201.95,3.12,Premium,65.91,28.19,10838340.0,16257510000.0,40643775000.0,4064.3775
South Africa,Bad Bunny,Nadie Sabe Lo Que Va a Pasar Mañana,R&B,2021,66.83,1926.77,7699.89,2.85,Premium,81.81,33.52,5780310.0,8670465000.0,21676162500.0,2167.61625
South Korea,BTS,Proof,R&B,2021,78.79,3052.97,9600.06,3.38,Free,102.72,31.96,9158909.999999998,13738364999.999998,34345912499.999996,3434.5912499999995
Canada,Billie Eilish,Happier Than Ever,Hip Hop,2020,52.03,3183.06,10091.5,4.14,Free,134.89,9.76,9549180.0,14323770000.0,35809425000.0,3580.9425
Australia,Bad Bunny,Nadie Sabe Lo Que Va a Pasar Mañana,Pop,2018,25.24,2401.92,10086.8,2.65,Premium,177.34,23.45,7205760.000000001,10808640000.000002,27021600000.000004,2702.1600000000003
Spain,Dua Lipa,Future Nostalgia,EDM,2019,15.61,3453.73,14800.34,4.22,Free,155.91,9.53,10361190.0,15541785000.0,38854462500.0,3885.44625
Indonesia,Dua Lipa,Future Nostalgia,Pop,2022,25.67,4249.26,14502.4,4.1,Premium,190.06,35.77,12747780.0,19121670000.0,47804175000.0,4780.4175
Argentina,Doja Cat,Scarlet,Jazz,2021,83.23,2761.97,11861.05,3.99,Premium,90.56,30.32,8285909.999999999,12428864999.999998,31072162499.999996,3107.2162499999995
Mexico,Post Malone,Austin,Jazz,2021,63.05,1409.26,3741.54,3.07,Premium,67.83,35.83,4227780.0,6341670000.0,15854175000.0,1585.4175
Brazil,Bad Bunny,Nadie Sabe Lo Que Va a Pasar Mañana,Reggaeton,2019,38.92,806.39,2361.03,3.33,Premium,108.98,17.22,2419170.0,3628755000.0,9071887500.0,907.18875
Australia,Doja Cat,Scarlet,EDM,2021,90.58,2941.19,11444.31,4.21,Premium,95.92,37.77,8823570.0,13235355000.0,33088387500.0,3308.83875
South Korea,Post Malone,Austin,EDM,2021,54.28,3686.44,15113.43,4.3,Premium,44.66,18.0,11059320.0,16588980000.0,41472450000.0,4147.245
United States,BLACKPINK,BORN PINK,Indie,2023,68.24,2051.37,5805.56,3.43,Free,196.16,21.83,6154110.0,9231165000.0,23077912500.0,2307.79125
Spain,Ed Sheeran,Autumn Variations,Classical,2023,3.68,3231.61,8956.08,3.42,Free,52.77,13.77,9694830.000000002,14542245000.000002,36355612500.00001,3635.5612500000007
Sweden,Olivia Rodrigo,Guts,Indie,2021,28.55,4758.46,15908.15,4.17,Premium,4.86,22.04,14275380.0,21413070000.0,53532675000.0,5353.2675
Italy,The Weeknd,After Hours,Hip Hop,2023,4.99,203.6,609.69,4.18,Free,48.47,19.47,610800.0,916200000.0,2290500000.0,229.05
Germany,Ed Sheeran,Autumn Variations,R&B,2021,70.25,3846.15,10906.06,3.71,Free,155.78,7.39,11538450.000000002,17307675000.000004,43269187500.00001,4326.918750000001
South Korea,Drake,For All The Dogs,Classical,2018,92.96,2900.19,12517.37,3.25,Free,16.12,27.93,8700570.0,13050855000.0,32627137500.0,3262.71375
France,Drake,For All The Dogs,K-pop,2023,60.44,649.22,2900.51,4.07,Premium,107.02,26.8,1947660.0000000002,2921490000.0000005,7303725000.000001,730.3725000000001
Brazil,Ariana Grande,Eternal Sunshine,Indie,2018,85.11,4120.54,11171.1,4.42,Premium,141.75,17.98,12361620.0,18542430000.0,46356075000.0,4635.6075
Indonesia,Billie Eilish,Happier Than Ever,K-pop,2022,81.01,2713.96,9409.29,3.37,Premium,65.14,10.57,8141880.0,12212820000.0,30532050000.0,3053.205
Brazil,BTS,Proof,Rock,2019,75.3,2870.76,11013.32,3.17,Premium,170.34,8.09,8612280.0,12918420000.0,32296050000.0,3229.605
Australia,Olivia Rodrigo,Guts,K-pop,2020,28.69,3000.97,12784.78,3.61,Free,18.04,29.08,9002910.0,13504365000.0,33760912500.0,3376.09125
Russia,Ariana Grande,Eternal Sunshine,R&B,2023,48.13,3573.62,12137.26,2.53,Premium,45.1,27.98,10720860.0,16081290000.0,40203225000.0,4020.3225
South Korea,Billie Eilish,Happier Than Ever,Classical,2020,47.85,2678.06,8974.2,3.99,Premium,71.01,18.7,8034179.999999999,12051269999.999998,30128174999.999996,3012.8174999999997
South Korea,BTS,Proof,R&B,2018,72.41,1611.96,6424.89,4.4,Free,39.12,29.81,4835880.0,7253820000.0,18134550000.0,1813.455
Mexico,Karol G,MAÑANA SERÁ BONITO,Classical,2022,60.08,4903.53,20424.46,3.09,Premium,36.71,1.55,14710590.0,22065885000.0,55164712500.0,5516.47125
South Africa,Bad Bunny,Nadie Sabe Lo Que Va a Pasar Mañana,K-pop,2018,97.46,2789.13,10863.2,2.75,Premium,21.41,1.48,8367390.0,12551085000.0,31377712500.0,3137.77125
South Korea,Dua Lipa,Future Nostalgia,Rock,2021,34.73,4829.21,14511.57,4.22,Free,164.6,16.63,14487630.000000002,21731445000.000004,54328612500.00001,5432.861250000001
Brazil,Ed Sheeran,Autumn Variations,Pop,2019,15.77,2836.06,8813.54,4.49,Free,112.06,17.23,8508180.0,12762270000.0,31905675000.0,3190.5675
Argentina,Post Malone,Austin,Classical,2019,77.79,1932.87,8344.22,3.09,Premium,61.77,25.22,5798610.0,8697915000.0,21744787500.0,2174.47875
Argentina,Karol G,MAÑANA SERÁ BONITO,Hip Hop,2019,62.93,1360.0,3620.83,2.98,Free,32.15,16.93,4080000.0,6120000000.0,15300000000.0,1530.0
Argentina,Dua Lipa,Future Nostalgia,K-pop,2018,23.92,3549.43,13863.99,3.41,Free,184.86,31.73,10648290.0,15972435000.0,39931087500.0,3993.10875
Turkey,Billie Eilish,Happier Than Ever,R&B,2021,12.36,1162.81,3253.52,3.03,Free,15.21,7.47,3488429.9999999995,5232644999.999999,13081612499.999998,1308.1612499999999
South Korea,Ed Sheeran,Autumn Variations,Classical,2020,44.48,2370.05,7366.55,3.31,Premium,100.59,20.26,7110150.000000001,10665225000.000002,26663062500.000004,2666.3062500000005
Brazil,Ed Sheeran,Autumn Variations,Pop,2021,73.72,3038.38,7753.12,2.96,Free,199.91,27.22,9115140.0,13672710000.0,34181775000.0,3418.1775
Mexico,Ed Sheeran,Autumn Variations,Pop,2019,47.58,3274.97,14187.65,2.86,Premium,127.32,20.18,9824910.0,14737365000.0,36843412500.0,3684.34125
Brazil,Dua Lipa,Future Nostalgia,Indie,2021,34.0,3367.16,14194.15,3.16,Premium,58.36,37.86,10101480.0,15152220000.0,37880550000.0,3788.055
South Africa,Taylor Swift,1989 (Taylor's Version),Rock,2018,32.14,1650.21,7327.54,3.31,Free,131.87,22.16,4950630.0,7425945000.0,18564862500.0,1856.48625
Netherlands,Taylor Swift,1989 (Taylor's Version),R&B,2022,36.82,3794.39,14232.06,4.02,Free,54.14,6.11,11383170.0,17074755000.0,42686887500.0,4268.68875
South Korea,Dua Lipa,Future Nostalgia,Rock,2018,3.86,3168.61,12986.95,3.92,Premium,110.62,22.54,9505830.000000002,14258745000.000002,35646862500.00001,3564.6862500000007
Brazil,The Weeknd,After Hours,Hip Hop,2021,94.76,3256.16,9143.11,4.37,Premium,102.27,11.66,9768480.0,14652720000.0,36631800000.0,3663.18
Russia,Dua Lipa,Future Nostalgia,R&B,2021,55.58,1948.75,8464.86,3.52,Free,172.94,11.77,5846250.0,8769375000.0,21923437500.0,2192.34375
Netherlands,Olivia Rodrigo,Guts,Jazz,2020,82.23,1450.05,4490.97,3.67,Premium,173.19,18.42,4350150.0,6525225000.0,16313062500.0,1631.30625
Russia,Olivia Rodrigo,Guts,Indie,2022,76.52,1917.19,8369.89,4.24,Free,114.79,10.11,5751570.0,8627355000.0,21568387500.0,2156.83875
Netherlands,Taylor Swift,1989 (Taylor's Version),Indie,2023,47.82,4571.48,14914.28,4.48,Free,99.57,2.44,13714440.0,20571660000.0,51429150000.0,5142.915
Indonesia,Ed Sheeran,Autumn Variations,Indie,2018,87.54,2229.52,7919.04,3.41,Free,82.59,26.54,6688560.0,10032840000.0,25082100000.0,2508.21
United Kingdom,Drake,For All The Dogs,Rock,2020,34.52,3478.89,13218.65,4.2,Premium,190.87,25.45,10436670.0,15655005000.0,39137512500.0,3913.75125
Russia,Doja Cat,Scarlet,Jazz,2018,62.13,1212.11,4689.41,3.07,Free,149.61,17.92,3636329.9999999995,5454494999.999999,13636237499.999998,1363.6237499999997
Germany,Post Malone,Austin,Hip Hop,2021,17.47,1532.36,3919.62,3.15,Free,59.38,15.62,4597080.0,6895620000.0,17239050000.0,1723.905
United Kingdom,The Weeknd,After Hours,Jazz,2021,57.03,3972.97,11283.1,2.66,Premium,124.32,10.39,11918910.0,17878365000.0,44695912500.0,4469.59125
Turkey,Bad Bunny,Nadie Sabe Lo Que Va a Pasar Mañana,R&B,2021,64.15,2324.87,8912.81,4.3,Premium,180.34,27.43,6974610.0,10461915000.0,26154787500.0,2615.47875
Canada,Drake,For All The Dogs,Rock,2020,98.78,1530.81,6772.39,3.88,Premium,169.22,8.77,4592430.0,6888645000.0,17221612500.0,1722.16125
Spain,Doja Cat,Scarlet,Rock,2018,24.48,2881.02,10514.64,4.49,Premium,5.37,33.37,8643060.0,12964590000.0,32411475000.0,3241.1475
Spain,BTS,Proof,Pop,2022,86.64,3902.64,17355.84,4.32,Premium,166.73,36.21,11707920.0,17561880000.0,43904700000.0,4390.47
France,Ed Sheeran,Autumn Variations,Indie,2019,64.03,3123.41,12042.4,3.94,Free,126.02,36.23,9370230.0,14055345000.0,35138362500.0,3513.83625
India,BTS,Proof,Rock,2018,58.38,3675.18,9850.46,3.09,Premium,35.95,6.15,11025540.0,16538310000.0,41345775000.0,4134.5775
South Africa,SZA,SOS,Indie,2022,50.68,1399.01,3957.92,4.33,Premium,193.51,12.51,4197030.0,6295545000.0,15738862500.0,1573.88625
Japan,Post Malone,Austin,Hip Hop,2021,96.33,746.75,3310.34,4.22,Premium,193.49,32.38,2240250.0,3360375000.0,8400937500.0,840.09375
Italy,Drake,For All The Dogs,EDM,2018,27.18,661.76,2142.23,4.0,Premium,117.33,33.07,1985280.0,2977920000.0,7444800000.0,744.48
Italy,Drake,For All The Dogs,R&B,2021,3.48,4426.96,16038.06,4.33,Free,129.88,25.78,13280880.0,19921320000.0,49803300000.0,4980.33
Sweden,SZA,SOS,K-pop,2023,41.42,741.9,3258.81,3.11,Premium,24.11,10.16,2225700.0,3338550000.0,8346375000.0,834.6375
South Africa,Bad Bunny,Nadie Sabe Lo Que Va a Pasar Mañana,EDM,2021,37.73,4749.43,18489.38,3.58,Free,177.2,26.54,14248290.0,21372435000.0,53431087500.0,5343.10875
Russia,Ed Sheeran,Autumn Variations,EDM,2020,4.24,1884.12,6381.07,4.4,Premium,20.77,27.74,5652360.0,8478540000.0,21196350000.0,2119.635
South Africa,SZA,SOS,Indie,2018,40.42,989.55,2715.64,4.2,Premium,19.24,9.27,2968650.0,4452975000.0,11132437500.0,1113.24375
Argentina,Taylor Swift,1989 (Taylor's Version),Pop,2020,25.11,673.32,2443.58,2.64,Free,117.69,32.71,2019960.0000000002,3029940000.0000005,7574850000.000001,757.4850000000001
France,Olivia Rodrigo,Guts,Reggaeton,2022,1.28,4299.11,11991.83,2.76,Premium,159.9,5.29,12897329.999999998,19345994999.999996,48364987499.99999,4836.498749999999
United States,Bad Bunny,Nadie Sabe Lo Que Va a Pasar Mañana,Pop,2020,79.21,1227.76,3864.43,2.85,Free,26.22,17.42,3683280.0,5524920000.0,13812300000.0,1381.23
Germany,Karol G,MAÑANA SERÁ BONITO,Hip Hop,2021,45.38,1842.09,6792.4,3.4,Free,189.14,2.69,5526270.0,8289405000.0,20723512500.0,2072.35125
Indonesia,BTS,Proof,Rock,2023,96.44,351.09,1214.06,3.3,Free,98.56,36.48,1053270.0,1579905000.0,3949762500.0,394.97625
Brazil,SZA,SOS,Hip Hop,2020,61.22,375.13,1144.16,3.77,Premium,76.8,24.3,1125390.0,1688085000.0,4220212500.0,422.02125
South Korea,Dua Lipa,Future Nostalgia,Jazz,2022,43.59,3975.83,10849.36,3.81,Free,86.58,35.64,11927490.0,17891235000.0,44728087500.0,4472.80875
Netherlands,Olivia Rodrigo,Guts,Rock,2021,42.18,520.67,1746.08,3.83,Premium,190.76,27.79,1562010.0,2343015000.0,5857537500.0,585.75375
Russia,Drake,For All The Dogs,Hip Hop,2018,10.23,527.99,2100.13,4.12,Free,117.71,22.9,1583970.0,2375955000.0,5939887500.0,593.98875
Japan,Billie Eilish,Happier Than Ever,Hip Hop,2021,36.01,3343.44,13375.66,4.24,Free,193.71,24.42,10030320.0,15045480000.0,37613700000.0,3761.37
Italy,Drake,For All The Dogs,Classical,2022,22.06,3300.84,9732.49,2.72,Premium,23.86,11.86,9902520.0,14853780000.0,37134450000.0,3713.445
France,Post Malone,Austin,EDM,2022,97.48,4101.21,15285.81,3.79,Free,122.19,26.66,12303630.0,18455445000.0,46138612500.0,4613.86125
Mexico,Taylor Swift,1989 (Taylor's Version),Reggaeton,2020,70.57,1579.47,5022.16,2.51,Free,113.7,16.63,4738410.0,7107615000.0,17769037500.0,1776.90375
United Kingdom,Karol G,MAÑANA SERÁ BONITO,Pop,2018,74.87,1114.91,3723.43,3.18,Premium,63.02,13.65,3344730.0,5017095000.0,12542737500.0,1254.27375
Turkey,Ed Sheeran,Autumn Variations,Hip Hop,2018,16.4,3784.46,9837.8,2.66,Premium,132.73,19.94,11353380.0,17030070000.0,42575175000.0,4257.5175
Sweden,BLACKPINK,BORN PINK,K-pop,2019,75.74,613.4,2060.92,3.07,Premium,105.86,13.03,1840200.0,2760300000.0,6900750000.0,690.075
France,BLACKPINK,BORN PINK,Classical,2018,1.76,1542.03,4506.53,2.77,Premium,58.6,5.68,4626090.0,6939135000.0,17347837500.0,1734.78375
Russia,Karol G,MAÑANA SERÁ BONITO,EDM,2019,13.79,2686.28,7951.98,3.62,Premium,15.34,34.61,8058840.0,12088260000.0,30220650000.0,3022.065
India,BLACKPINK,BORN PINK,Pop,2021,92.2,4317.44,15765.21,3.65,Premium,58.61,16.8,12952319.999999998,19428479999.999996,48571199999.99999,4857.119999999999
Japan,Bad Bunny,Nadie Sabe Lo Que Va a Pasar Mañana,Classical,2021,83.37,4602.86,12318.45,4.19,Free,87.7,16.62,13808580.0,20712870000.0,51782175000.0,5178.2175
Brazil,BLACKPINK,BORN PINK,K-pop,2023,34.61,1698.69,4817.94,3.52,Free,106.59,8.56,5096070.0,7644105000.0,19110262500.0,1911.02625
Italy,Olivia Rodrigo,Guts,Reggaeton,2019,11.18,1317.04,3749.61,2.81,Free,36.25,31.14,3951120.0,5926680000.0,14816700000.0,1481.67
Russia,Dua Lipa,Future Nostalgia,Classical,2022,45.44,4624.56,16782.45,3.77,Premium,172.99,25.46,13873680.000000002,20810520000.000004,52026300000.00001,5202.630000000001
United Kingdom,Dua Lipa,Future Nostalgia,Hip Hop,2021,44.78,1548.96,4723.32,2.61,Free,62.77,18.62,4646880.0,6970320000.0,17425800000.0,1742.58
India,Olivia Rodrigo,Guts,K-pop,2018,64.82,4887.97,13102.66,3.69,Premium,93.08,22.62,14663910.000000002,21995865000.000004,54989662500.00001,5498.96625
India,Dua Lipa,Future Nostalgia,Classical,2023,19.64,3044.78,10665.06,4.42,Premium,21.6,36.07,9134340.0,13701510000.0,34253775000.0,3425.3775
Japan,Karol G,MAÑANA SERÁ BONITO,Hip Hop,2022,64.97,243.75,954.34,4.48,Free,73.42,36.8,731250.0000000001,1096875000.0000002,2742187500.0000005,274.21875000000006
Spain,BLACKPINK,BORN PINK,Indie,2023,60.19,3956.67,15014.02,2.63,Free,112.03,16.08,11870010.0,17805015000.0,44512537500.0,4451.25375
Mexico,Karol G,MAÑANA SERÁ BONITO,Classical,2019,34.0,2934.56,8166.46,3.2,Premium,26.66,28.64,8803680.0,13205520000.0,33013800000.0,3301.38
Brazil,BTS,Proof,Jazz,2021,64.71,1675.96,4618.25,3.91,Free,129.56,17.51,5027880.000000001,7541820000.000001,18854550000.000004,1885.4550000000004
Italy,Taylor Swift,1989 (Taylor's Version),Indie,2020,18.85,1110.25,4879.92,3.47,Free,200.0,7.04,3330750.0,4996125000.0,12490312500.0,1249.03125
South Korea,Doja Cat,Scarlet,Hip Hop,2022,77.32,4183.84,17853.97,2.58,Premium,175.4,25.1,12551520.0,18827280000.0,47068200000.0,4706.82
Argentina,BLACKPINK,BORN PINK,Reggaeton,2019,18.9,3479.59,13046.66,4.31,Premium,9.69,15.21,10438770.0,15658155000.0,39145387500.0,3914.53875
France,Dua Lipa,Future Nostalgia,Classical,2020,75.49,3929.81,11663.7,2.98,Premium,180.89,8.57,11789430.0,17684145000.0,44210362500.0,4421.03625
Turkey,Dua Lipa,Future Nostalgia,Rock,2020,78.03,2539.39,8474.76,2.82,Free,160.45,6.4,7618170.0,11427255000.0,28568137500.0,2856.81375
Mexico,Taylor Swift,1989 (Taylor's Version),Rock,2020,55.9,557.82,2338.26,4.2,Premium,17.69,7.25,1673460.0000000002,2510190000.0000005,6275475000.000001,627.5475000000001
Sweden,SZA,SOS,Jazz,2019,83.27,503.98,2177.7,4.13,Premium,186.16,17.18,1511940.0,2267910000.0,5669775000.0,566.9775
Spain,Ariana Grande,Eternal Sunshine,Indie,2019,39.23,453.95,1338.73,3.14,Free,168.0,26.35,1361850.0,2042775000.0,5106937500.0,510.69375
United Kingdom,Bad Bunny,Nadie Sabe Lo Que Va a Pasar Mañana,Pop,2020,91.82,2388.65,9942.09,4.02,Premium,90.27,1.2,7165950.000000001,10748925000.000002,26872312500.000004,2687.2312500000003
Brazil,Taylor Swift,1989 (Taylor's Version),K-pop,2019,83.66,2766.58,10940.36,3.56,Free,155.46,10.27,8299740.0,12449610000.0,31124025000.0,3112.4025
Germany,Taylor Swift,1989 (Taylor's Version),R&B,2021,64.26,3132.91,8225.81,4.17,Premium,119.75,1.64,9398730.0,14098095000.0,35245237500.0,3524.52375
Indonesia,Ed Sheeran,Autumn Variations,R&B,2023,15.21,2174.73,8110.91,2.98,Premium,38.28,27.06,6524190.0,9786285000.0,24465712500.0,2446.57125
Indonesia,Olivia Rodrigo,Guts,Hip Hop,2022,54.86,3942.74,13859.7,2.54,Premium,9.66,16.09,11828220.0,17742330000.0,44355825000.0,4435.5825
Italy,BTS,Proof,Pop,2020,79.06,1756.77,6967.14,3.76,Premium,27.55,14.74,5270310.0,7905465000.0,19763662500.0,1976.36625
Japan,Doja Cat,Scarlet,Reggaeton,2023,47.0,3492.18,13142.72,4.12,Free,143.49,37.8,10476540.0,15714810000.0,39287025000.0,3928.7025
India,BTS,Proof,R&B,2018,79.32,4434.66,13885.77,3.12,Premium,197.84,22.18,13303980.0,19955970000.0,49889925000.0,4988.9925
Mexico,Taylor Swift,1989 (Taylor's Version),R&B,2020,36.34,3915.17,16567.42,3.16,Free,160.07,18.04,11745510.000000002,17618265000.000004,44045662500.00001,4404.566250000001
Spain,Karol G,MAÑANA SERÁ BONITO,Rock,2021,34.56,974.75,3786.06,3.23,Premium,160.43,29.36,2924250.0000000005,4386375000.000001,10965937500.000002,1096.5937500000002
Brazil,BLACKPINK,BORN PINK,Classical,2019,55.0,1640.0,4362.63,3.82,Premium,89.74,28.99,4920000.0,7380000000.0,18450000000.0,1845.0
Canada,Karol G,MAÑANA SERÁ BONITO,Rock,2020,45.27,3647.73,15769.92,3.73,Premium,55.64,39.22,10943190.0,16414785000.0,41036962500.0,4103.69625
India,Drake,For All The Dogs,EDM,2020,51.8,3762.0,10608.74,2.56,Premium,7.92,3.62,11286000.0,16929000000.0,42322500000.0,4232.25
Italy,Olivia Rodrigo,Guts,EDM,2022,4.21,809.52,2752.24,3.24,Premium,152.85,23.38,2428560.0,3642840000.0,9107100000.0,910.71
Indonesia,Olivia Rodrigo,Guts,EDM,2020,65.31,1285.58,3505.64,3.97,Premium,104.03,36.63,3856740.0,5785110000.0,14462775000.0,1446.2775
Germany,BTS,Proof,K-pop,2023,45.18,4982.01,15300.52,4.33,Premium,40.84,6.29,14946030.0,22419045000.0,56047612500.0,5604.76125
Brazil,Dua Lipa,Future Nostalgia,Reggaeton,2023,45.07,484.56,1872.27,4.19,Premium,133.9,28.67,1453680.0,2180520000.0,5451300000.0,545.13
South Africa,Ariana Grande,Eternal Sunshine,K-pop,2020,85.28,3573.46,15561.16,3.78,Premium,102.24,5.73,10720380.0,16080570000.0,40201425000.0,4020.1425
Australia,Post Malone,Austin,Reggaeton,2019,79.25,180.11,649.84,3.24,Free,122.78,4.36,540330.0000000001,810495000.0000001,2026237500.0000002,202.62375000000003
South Korea,BLACKPINK,BORN PINK,Rock,2022,41.67,2076.7,7579.54,2.75,Premium,128.83,18.55,6230099.999999999,9345149999.999998,23362874999.999996,2336.2874999999995
Indonesia,Olivia Rodrigo,Guts,Reggaeton,2022,64.34,950.72,4214.09,3.37,Free,166.45,21.21,2852160.0,4278240000.0,10695600000.0,1069.56
South Korea,Bad Bunny,Nadie Sabe Lo Que Va a Pasar Mañana,Reggaeton,2020,93.54,1166.08,5124.88,3.54,Premium,169.34,10.77,3498240.0,5247360000.0,13118400000.0,1311.84
South Africa,BTS,Proof,Reggaeton,2023,30.98,2690.72,9431.37,2.84,Free,35.07,25.35,8072160.0,12108240000.0,30270600000.0,3027.06
Argentina,Olivia Rodrigo,Guts,Classical,2018,82.7,190.45,493.44,3.78,Premium,130.57,30.91,571350.0,857025000.0,2142562500.0,214.25625
Netherlands,Ed Sheeran,Autumn Variations,Pop,2021,89.01,2750.61,10407.8,3.1,Free,161.13,27.71,8251830.0,12377745000.0,30944362500.0,3094.43625
South Korea,Dua Lipa,Future Nostalgia,Hip Hop,2023,6.93,2226.05,7721.06,2.91,Free,63.2,29.02,6678150.000000001,10017225000.000002,25043062500.000004,2504.3062500000005
Italy,BLACKPINK,BORN PINK,Reggaeton,2020,51.98,575.61,1717.32,2.75,Premium,50.34,4.78,1726830.0,2590245000.0,6475612500.0,647.56125
South Korea,BLACKPINK,BORN PINK,Classical,2021,25.58,4333.27,12217.22,3.15,Premium,38.78,7.21,12999810.000000002,19499715000.000004,48749287500.00001,4874.928750000001
Indonesia,Dua Lipa,Future Nostalgia,Rock,2020,50.24,495.74,1629.24,3.41,Free,43.81,14.76,1487220.0,2230830000.0,5577075000.0,557.7075
India,BTS,Proof,Rock,2022,88.35,3288.59,11316.61,3.57,Free,86.75,35.42,9865770.000000002,14798655000.000002,36996637500.00001,3699.6637500000006
Italy,Post Malone,Austin,EDM,2020,5.48,303.23,1098.79,3.23,Premium,15.63,20.67,909690.0000000001,1364535000.0000002,3411337500.0000005,341.13375
South Africa,BTS,Proof,Classical,2023,61.49,686.88,1850.02,3.25,Premium,112.01,15.26,2060640.0000000002,3090960000.0000005,7727400000.000001,772.7400000000001
United Kingdom,The Weeknd,After Hours,Classical,2022,40.74,249.26,642.55,3.93,Premium,104.35,6.81,747780.0,1121670000.0,2804175000.0,280.4175
Indonesia,Bad Bunny,Nadie Sabe Lo Que Va a Pasar Mañana,Indie,2022,32.53,1995.13,7447.82,4.19,Premium,101.96,20.88,5985390.000000001,8978085000.000002,22445212500.000004,2244.5212500000002
Russia,Karol G,MAÑANA SERÁ BONITO,Classical,2020,48.01,132.35,418.55,2.72,Premium,117.16,32.07,397050.0,595575000.0,1488937500.0,148.89375
United States,Ed Sheeran,Autumn Variations,Rock,2020,96.74,3925.37,15906.87,3.66,Free,117.12,7.65,11776110.0,17664165000.0,44160412500.0,4416.04125
Argentina,Post Malone,Austin,EDM,2019,82.34,1248.87,4552.31,3.9,Free,4.77,13.23,3746609.9999999995,5619914999.999999,14049787499.999998,1404.9787499999998
United Kingdom,BLACKPINK,BORN PINK,R&B,2021,50.68,3076.82,10594.14,4.2,Free,141.45,21.23,9230460.0,13845690000.0,34614225000.0,3461.4225
South Africa,Olivia Rodrigo,Guts,Rock,2022,38.31,4785.59,16363.5,3.57,Premium,135.5,34.84,14356770.0,21535155000.0,53837887500.0,5383.78875
Mexico,Ed Sheeran,Autumn Variations,Rock,2019,95.78,1431.08,4432.05,4.38,Premium,154.46,28.49,4293240.0,6439860000.0,16099650000.0,1609.965
Russia,Olivia Rodrigo,Guts,Rock,2020,56.49,4675.7,18437.82,3.08,Premium,179.26,16.39,14027099.999999998,21040649999.999996,52601624999.99999,5260.162499999999
Italy,Post Malone,Austin,Reggaeton,2020,5.16,4778.8,12702.33,4.35,Premium,149.72,9.35,14336400.000000002,21504600000.000004,53761500000.00001,5376.150000000001
South Africa,BTS,Proof,Jazz,2023,27.89,590.67,2351.92,2.98,Free,134.3,21.71,1772009.9999999998,2658014999.9999995,6645037499.999999,664.5037499999999
France,Taylor Swift,1989 (Taylor's Version),Hip Hop,2021,33.7,2388.4,9224.92,2.77,Free,81.97,37.47,7165200.0,10747800000.0,26869500000.0,2686.95
Russia,Dua Lipa,Future Nostalgia,R&B,2020,32.8,3247.19,14014.46,2.68,Free,107.5,29.2,9741570.000000002,14612355000.000002,36530887500.00001,3653.088750000001
India,SZA,SOS,Reggaeton,2021,88.34,920.15,3992.78,4.49,Premium,157.8,8.27,2760450.0,4140675000.0,10351687500.0,1035.16875
South Korea,SZA,SOS,Pop,2018,30.54,3033.78,13217.91,3.17,Premium,197.83,22.19,9101340.0,13652010000.0,34130025000.0,3413.0025
Russia,SZA,SOS,Reggaeton,2022,47.33,1004.42,2737.34,2.82,Premium,130.01,29.03,3013260.0,4519890000.0,11299725000.0,1129.9725
United States,Karol G,MAÑANA SERÁ BONITO,Indie,2020,57.21,3798.55,10829.63,4.21,Premium,165.57,21.1,11395650.000000002,17093475000.000002,42733687500.00001,4273.368750000001
Brazil,BLACKPINK,BORN PINK,Hip Hop,2019,98.19,2413.4,10550.54,2.51,Premium,47.87,30.4,7240200.000000001,10860300000.000002,27150750000.000004,2715.0750000000003
Japan,BTS,Proof,Classical,2023,57.71,1344.69,4328.7,2.97,Free,93.61,7.23,4034070.0,6051105000.0,15127762500.0,1512.77625
Indonesia,SZA,SOS,K-pop,2023,12.62,4584.85,14167.53,3.73,Free,191.51,19.65,13754550.000000002,20631825000.000004,51579562500.00001,5157.956250000001
Sweden,Karol G,MAÑANA SERÁ BONITO,Classical,2020,42.17,2768.71,9528.95,3.58,Free,152.61,27.53,8306130.0,12459195000.0,31147987500.0,3114.79875
Argentina,Doja Cat,Scarlet,Hip Hop,2022,45.23,3533.64,9386.07,3.63,Free,165.93,36.21,10600920.0,15901380000.0,39753450000.0,3975.345
Australia,Ed Sheeran,Autumn Variations,Jazz,2019,17.29,4279.71,14481.17,3.86,Premium,19.1,20.9,12839130.0,19258695000.0,48146737500.0,4814.67375
India,Dua Lipa,Future Nostalgia,Reggaeton,2022,42.13,2841.36,10278.89,3.85,Premium,144.93,16.44,8524080.000000002,12786120000.000002,31965300000.000004,3196.53
United States,Karol G,MAÑANA SERÁ BONITO,R&B,2022,8.23,2147.3,8376.12,3.58,Free,186.98,3.69,6441900.0,9662850000.0,24157125000.0,2415.7125
Russia,Taylor Swift,1989 (Taylor's Version),K-pop,2021,18.82,720.37,2725.2,3.96,Premium,75.52,35.76,2161110.0,3241665000.0,8104162500.0,810.41625
Sweden,Doja Cat,Scarlet,EDM,2021,8.94,4822.51,20491.36,2.77,Premium,24.61,39.72,14467530.000000002,21701295000.000004,54253237500.00001,5425.3237500000005
Spain,Ariana Grande,Eternal Sunshine,Reggaeton,2023,97.89,4182.37,16781.17,4.46,Premium,135.03,22.23,12547110.0,18820665000.0,47051662500.0,4705.16625
South Africa,BLACKPINK,BORN PINK,R&B,2019,46.6,817.85,2352.92,4.25,Free,7.41,26.75,2453550.0,3680325000.0,9200812500.0,920.08125
Argentina,Post Malone,Austin,Pop,2019,21.4,549.44,1410.5,3.7,Free,49.7,2.73,1648320.0000000002,2472480000.0000005,6181200000.000001,618.1200000000001
Sweden,The Weeknd,After Hours,Jazz,2019,75.68,3891.51,10819.45,4.49,Free,163.34,29.53,11674530.0,17511795000.0,43779487500.0,4377.94875
Japan,Ed Sheeran,Autumn Variations,Classical,2023,82.02,1222.67,5199.42,4.47,Free,83.3,11.73,3668010.0,5502015000.0,13755037500.0,1375.50375
South Africa,Ed Sheeran,Autumn Variations,Reggaeton,2023,68.2,2801.46,7266.34,3.19,Premium,157.38,13.43,8404380.0,12606570000.0,31516425000.0,3151.6425
Netherlands,BLACKPINK,BORN PINK,Reggaeton,2020,38.27,3784.36,13044.83,4.2,Premium,171.65,6.63,11353080.0,17029620000.0,42574050000.0,4257.405
Sweden,SZA,SOS,Pop,2022,41.86,2111.71,7517.65,3.28,Premium,41.46,26.22,6335130.0,9502695000.0,23756737500.0,2375.67375
Sweden,Doja Cat,Scarlet,Indie,2018,54.03,4155.56,10817.23,3.25,Free,174.85,8.34,12466680.000000002,18700020000.000004,46750050000.00001,4675.005000000001
Turkey,Karol G,MAÑANA SERÁ BONITO,Jazz,2019,48.46,4353.9,13784.14,4.41,Free,43.15,8.41,13061699.999999998,19592549999.999996,48981374999.99999,4898.137499999999
Germany,Karol G,MAÑANA SERÁ BONITO,Rock,2019,69.87,3533.65,11637.24,2.98,Premium,155.33,15.85,10600950.000000002,15901425000.000002,39753562500.00001,3975.3562500000007
South Africa,Billie Eilish,Happier Than Ever,Indie,2020,26.89,2588.44,9045.44,2.7,Premium,152.56,13.49,7765320.0,11647980000.0,29119950000.0,2911.995
Australia,Olivia Rodrigo,Guts,Indie,2021,5.53,4327.22,17233.17,2.53,Premium,59.74,8.65,12981660.000000002,19472490000.000004,48681225000.00001,4868.1225
France,BLACKPINK,BORN PINK,Classical,2019,50.43,3290.31,12732.49,3.01,Premium,193.34,26.03,9870930.0,14806395000.0,37015987500.0,3701.59875
Russia,Dua Lipa,Future Nostalgia,Reggaeton,2023,79.7,887.87,3498.76,3.48,Free,105.26,33.72,2663610.0000000005,3995415000.0000005,9988537500.000002,998.8537500000002
Brazil,Doja Cat,Scarlet,Pop,2018,41.83,4220.6,12505.08,3.91,Free,44.53,18.78,12661800.000000002,18992700000.000004,47481750000.00001,4748.175000000001
India,Ed Sheeran,Autumn Variations,Classical,2021,66.27,127.87,455.78,3.32,Free,106.35,11.71,383610.0,575415000.0,1438537500.0,143.85375
South Korea,Taylor Swift,1989 (Taylor's Version),Jazz,2023,67.73,4040.53,17453.26,2.71,Free,105.35,10.4,12121590.000000002,18182385000.000004,45455962500.00001,4545.5962500000005
Argentina,Ariana Grande,Eternal Sunshine,K-pop,2020,27.47,2014.64,6539.73,3.31,Free,198.06,9.81,6043920.000000001,9065880000.000002,22664700000.000004,2266.4700000000003
Brazil,Billie Eilish,Happier Than Ever,Pop,2018,41.12,1916.99,6617.47,3.77,Free,17.45,33.97,5750970.000000001,8626455000.000002,21566137500.000004,2156.6137500000004
Japan,Ed Sheeran,Autumn Variations,Hip Hop,2022,92.0,1187.34,5108.58,3.88,Premium,54.95,37.04,3562020.0,5343030000.0,13357575000.0,1335.7575
Mexico,SZA,SOS,Jazz,2022,66.15,937.8,3939.56,2.53,Free,117.82,30.34,2813400.0,4220100000.0,10550250000.0,1055.025
Spain,SZA,SOS,Hip Hop,2020,17.08,1240.34,5171.35,3.28,Premium,77.39,29.85,3721020.0,5581530000.0,13953825000.0,1395.3825
Brazil,Ariana Grande,Eternal Sunshine,Indie,2018,10.67,1199.11,3180.08,3.71,Premium,193.82,13.73,3597330.0,5395995000.0,13489987500.0,1348.99875
Mexico,Post Malone,Austin,Rock,2021,23.59,2787.54,9061.89,2.87,Premium,18.05,25.13,8362620.0,12543930000.0,31359825000.0,3135.9825
France,Karol G,MAÑANA SERÁ BONITO,Hip Hop,2018,27.53,1931.0,7854.88,2.81,Premium,64.02,5.16,5793000.0,8689500000.0,21723750000.0,2172.375
United States,BTS,Proof,Rock,2020,76.37,556.05,1487.21,3.36,Premium,21.56,4.5,1668149.9999999998,2502224999.9999995,6255562499.999999,625.5562499999999
South Africa,Drake,For All The Dogs,Classical,2022,78.66,4325.4,10920.26,3.33,Free,145.24,22.82,12976199.999999998,19464299999.999996,48660749999.99999,4866.074999999999
France,Ed Sheeran,Autumn Variations,Jazz,2019,68.85,889.03,2700.73,3.04,Free,13.59,17.95,2667090.0,4000635000.0,10001587500.0,1000.15875
Netherlands,BTS,Proof,Rock,2018,36.75,4723.9,18620.66,3.49,Free,92.11,6.28,14171700.0,21257550000.0,53143875000.0,5314.3875
United States,BLACKPINK,BORN PINK,Indie,2022,38.61,4317.88,14596.36,3.36,Free,60.79,24.53,12953640.0,19430460000.0,48576150000.0,4857.615
Australia,Dua Lipa,Future Nostalgia,Indie,2019,96.49,4845.19,14937.22,3.89,Premium,193.58,31.5,14535570.0,21803355000.0,54508387500.0,5450.83875
Japan,BLACKPINK,BORN PINK,K-pop,2021,37.14,4663.73,13522.95,4.49,Free,136.66,22.45,13991190.0,20986785000.0,52466962500.0,5246.69625
Sweden,Karol G,MAÑANA SERÁ BONITO,R&B,2021,79.97,4164.84,10988.17,4.2,Premium,134.92,6.43,12494520.000000002,18741780000.000004,46854450000.00001,4685.445000000001
South Korea,The Weeknd,After Hours,K-pop,2023,16.26,2144.48,6978.1,3.4,Premium,116.87,21.84,6433440.0,9650160000.0,24125400000.0,2412.54
Netherlands,Ariana Grande,Eternal Sunshine,Pop,2020,70.46,4070.87,15011.9,4.33,Free,154.02,26.65,12212610.0,18318915000.0,45797287500.0,4579.72875
Italy,Bad Bunny,Nadie Sabe Lo Que Va a Pasar Mañana,Classical,2018,56.76,3242.9,12301.9,4.43,Premium,193.18,17.79,9728700.0,14593050000.0,36482625000.0,3648.2625
United States,Drake,For All The Dogs,K-pop,2019,51.56,2618.05,9584.78,3.65,Premium,75.45,19.06,7854150.000000001,11781225000.000002,29453062500.000004,2945.3062500000005
Turkey,Karol G,MAÑANA SERÁ BONITO,Jazz,2019,35.15,171.59,464.85,3.33,Free,24.1,37.69,514770.00000000006,772155000.0000001,1930387500.0000002,193.03875000000002
United Kingdom,Olivia Rodrigo,Guts,K-pop,2020,46.08,1073.99,3722.29,3.45,Premium,144.68,18.65,3221970.0,4832955000.0,12082387500.0,1208.23875
Brazil,BTS,Proof,Pop,2023,12.39,4253.44,16145.8,3.85,Free,186.05,29.88,12760319.999999998,19140479999.999996,47851199999.99999,4785.119999999999
Indonesia,Bad Bunny,Nadie Sabe Lo Que Va a Pasar Mañana,Jazz,2019,33.77,2160.53,7397.89,4.1,Free,38.09,26.64,6481590.000000001,9722385000.000002,24305962500.000004,2430.5962500000005
Spain,Taylor Swift,1989 (Taylor's Version),Classical,2019,45.51,2176.29,5460.09,2.93,Premium,150.71,32.54,6528870.0,9793305000.0,24483262500.0,2448.32625
Brazil,Ed Sheeran,Autumn Variations,Hip Hop,2022,19.51,1663.63,5681.46,3.02,Premium,106.02,25.93,4990890.0,7486335000.0,18715837500.0,1871.58375
Argentina,BLACKPINK,BORN PINK,Classical,2021,59.11,1772.23,7427.48,3.73,Premium,183.82,24.02,5316690.0,7975035000.0,19937587500.0,1993.75875
United Kingdom,Olivia Rodrigo,Guts,Hip Hop,2019,31.23,956.07,3716.12,3.52,Premium,119.69,23.42,2868210.0000000005,4302315000.000001,10755787500.000002,1075.5787500000001
Netherlands,Bad Bunny,Nadie Sabe Lo Que Va a Pasar Mañana,Rock,2023,54.2,4599.85,20061.74,2.85,Free,98.44,6.47,13799550.000000002,20699325000.000004,51748312500.00001,5174.831250000001
Japan,Doja Cat,Scarlet,Rock,2022,6.31,1827.24,4603.12,2.77,Premium,192.8,20.71,5481720.0,8222580000.0,20556450000.0,2055.645
Russia,BLACKPINK,BORN PINK,Rock,2021,71.3,2247.07,6369.34,3.63,Free,59.13,11.72,6741210.000000001,10111815000.000002,25279537500.000004,2527.9537500000006
South Africa,BTS,Proof,Reggaeton,2021,57.0,3874.11,13523.07,3.52,Free,54.31,22.18,11622330.0,17433495000.0,43583737500.0,4358.37375
Italy,Ariana Grande,Eternal Sunshine,Pop,2023,44.7,1131.78,3791.81,3.97,Free,60.24,39.97,3395340.0,5093010000.0,12732525000.0,1273.2525
Sweden,BTS,Proof,Indie,2018,44.47,4970.09,20135.14,2.97,Premium,172.35,24.8,14910270.0,22365405000.0,55913512500.0,5591.35125
Netherlands,Bad Bunny,Nadie Sabe Lo Que Va a Pasar Mañana,Classical,2019,78.7,4076.97,16759.94,3.64,Premium,119.77,7.57,12230910.0,18346365000.0,45865912500.0,4586.59125
South Korea,BTS,Proof,Classical,2020,95.29,2596.35,11165.11,4.13,Free,192.59,31.64,7789050.0,11683575000.0,29208937500.0,2920.89375
India,BTS,Proof,Reggaeton,2023,86.74,1285.9,5044.32,4.16,Premium,98.4,23.52,3857700.0000000005,5786550000.000001,14466375000.000002,1446.6375000000003
Mexico,Billie Eilish,Happier Than Ever,EDM,2021,45.75,3186.46,13575.12,2.69,Premium,139.25,35.22,9559380.0,14339070000.0,35847675000.0,3584.7675
Sweden,Dua Lipa,Future Nostalgia,Indie,2022,1.24,3881.97,15393.75,3.96,Premium,127.33,28.19,11645909.999999998,17468864999.999996,43672162499.99999,4367.2162499999995
Brazil,Post Malone,Austin,Jazz,2021,22.57,2176.73,6364.11,3.04,Premium,68.21,23.54,6530190.0,9795285000.0,24488212500.0,2448.82125
Turkey,Doja Cat,Scarlet,Rock,2020,89.52,3823.16,9909.19,3.75,Premium,4.24,37.25,11469479.999999998,17204219999.999996,43010549999.99999,4301.054999999999
Canada,Dua Lipa,Future Nostalgia,Rock,2018,99.19,2167.61,9735.58,4.32,Premium,32.64,37.38,6502830.0,9754245000.0,24385612500.0,2438.56125
Mexico,Drake,For All The Dogs,Indie,2020,9.16,3339.32,12682.14,2.6,Premium,145.47,30.45,10017960.0,15026940000.0,37567350000.0,3756.735
Netherlands,Billie Eilish,Happier Than Ever,Hip Hop,2023,10.42,1106.43,2938.54,3.69,Premium,2.85,28.13,3319290.0,4978935000.0,12447337500.0,1244.73375
Germany,Doja Cat,Scarlet,EDM,2023,14.09,400.6,1308.42,3.96,Free,21.54,15.33,1201800.0000000002,1802700000.0000002,4506750000.000001,450.67500000000007
South Korea,Bad Bunny,Nadie Sabe Lo Que Va a Pasar Mañana,EDM,2019,64.52,3401.83,8970.02,3.63,Free,88.58,29.17,10205490.0,15308235000.0,38270587500.0,3827.05875
United Kingdom,SZA,SOS,EDM,2022,68.97,4306.81,11513.72,2.7,Free,118.33,15.98,12920430.000000002,19380645000.000004,48451612500.00001,4845.161250000001
Netherlands,Olivia Rodrigo,Guts,Reggaeton,2019,28.42,467.03,1684.48,3.7,Premium,156.01,27.93,1401090.0,2101635000.0,5254087500.0,525.40875
South Korea,The Weeknd,After Hours,Jazz,2022,51.44,3751.83,11597.22,2.61,Free,99.48,5.4,11255490.0,16883235000.0,42208087500.0,4220.80875
Russia,Billie Eilish,Happier Than Ever,Classical,2018,53.3,4889.6,21874.92,4.37,Free,77.98,33.72,14668800.000000002,22003200000.000004,55008000000.00001,5500.800000000001
Netherlands,Olivia Rodrigo,Guts,Jazz,2023,18.1,2381.52,10656.67,2.65,Free,3.74,9.41,7144560.0,10716840000.0,26792100000.0,2679.21
India,Post Malone,Austin,EDM,2022,29.36,3577.51,14432.46,3.35,Premium,17.4,21.93,10732530.0,16098795000.0,40246987500.0,4024.69875
Argentina,Bad Bunny,Nadie Sabe Lo Que Va a Pasar Mañana,K-pop,2018,31.68,2580.96,7501.29,4.12,Premium,78.76,25.74,7742880.0,11614320000.0,29035800000.0,2903.58
Brazil,BTS,Proof,EDM,2023,95.39,1231.26,3680.19,4.35,Free,91.22,24.74,3693780.0,5540670000.0,13851675000.0,1385.1675
South Korea,Billie Eilish,Happier Than Ever,Reggaeton,2018,2.25,729.2,1839.55,3.49,Premium,105.08,31.54,2187600.0,3281400000.0,8203500000.0,820.35
Mexico,Bad Bunny,Nadie Sabe Lo Que Va a Pasar Mañana,Indie,2019,75.23,4373.63,17345.26,2.74,Free,67.67,17.74,13120890.000000002,19681335000.000004,49203337500.00001,4920.333750000001
Indonesia,Drake,For All The Dogs,K-pop,2023,97.53,3156.29,11022.7,3.52,Free,100.42,23.11,9468870.0,14203305000.0,35508262500.0,3550.82625
Italy,Bad Bunny,Nadie Sabe Lo Que Va a Pasar Mañana,K-pop,2018,89.53,3386.9,9248.5,3.98,Free,9.76,34.65,10160700.0,15241050000.0,38102625000.0,3810.2625
France,Taylor Swift,1989 (Taylor's Version),Rock,2020,38.91,792.92,3458.97,4.21,Premium,45.68,10.68,2378759.9999999995,3568139999.9999995,8920349999.999998,892.0349999999999
Japan,BTS,Proof,Hip Hop,2022,37.91,2535.1,10910.77,2.86,Free,190.86,3.69,7605300.0,11407950000.0,28519875000.0,2851.9875
Sweden,Doja Cat,Scarlet,K-pop,2020,33.4,2787.8,7013.93,2.9,Premium,148.18,10.46,8363400.0,12545100000.0,31362750000.0,3136.275
Italy,Ed Sheeran,Autumn Variations,Rock,2019,73.51,2755.47,11275.24,2.8,Premium,5.76,22.12,8266409.999999999,12399614999.999998,30999037499.999996,3099.9037499999995
United States,Olivia Rodrigo,Guts,Pop,2023,38.25,3703.51,11536.51,2.91,Free,84.54,38.49,11110530.0,16665795000.0,41664487500.0,4166.44875
United Kingdom,Karol G,MAÑANA SERÁ BONITO,K-pop,2018,5.35,1195.79,5011.57,3.33,Premium,92.23,30.17,3587370.0,5381055000.0,13452637500.0,1345.26375
Turkey,Drake,For All The Dogs,Jazz,2019,64.08,2002.04,7375.1,2.62,Free,48.12,11.18,6006120.0,9009180000.0,22522950000.0,2252.295
Japan,SZA,SOS,EDM,2023,83.36,1664.95,5670.01,2.97,Free,28.09,31.04,4994850.0,7492275000.0,18730687500.0,1873.06875
Germany,Bad Bunny,Nadie Sabe Lo Que Va a Pasar Mañana,Hip Hop,2019,45.51,1604.46,4398.58,3.22,Free,90.93,19.07,4813380.0,7220070000.0,18050175000.0,1805.0175
Germany,Drake,For All The Dogs,Reggaeton,2023,31.12,3538.29,13115.04,2.93,Premium,30.52,28.74,10614870.0,15922305000.0,39805762500.0,3980.57625
Italy,BLACKPINK,BORN PINK,Jazz,2018,68.04,1337.83,5995.29,2.56,Premium,171.07,22.68,4013490.0,6020235000.0,15050587500.0,1505.05875
South Africa,The Weeknd,After Hours,Hip Hop,2021,11.09,3979.36,10915.01,2.62,Free,27.01,33.12,11938080.000000002,17907120000.000004,44767800000.00001,4476.780000000001
Italy,Billie Eilish,Happier Than Ever,Hip Hop,2022,59.03,4591.27,12166.75,4.49,Free,180.6,18.29,13773810.000000002,20660715000.000004,51651787500.00001,5165.178750000001
United Kingdom,Drake,For All The Dogs,Indie,2018,5.23,2331.92,6613.27,3.65,Premium,99.73,15.93,6995760.000000001,10493640000.000002,26234100000.000004,2623.4100000000003
Netherlands,Bad Bunny,Nadie Sabe Lo Que Va a Pasar Mañana,Indie,2019,90.92,1411.16,4786.69,2.8,Free,129.81,20.46,4233480.0,6350220000.0,15875550000.0,1587.555
South Africa,Dua Lipa,Future Nostalgia,Pop,2018,28.7,729.32,2114.24,4.27,Free,126.52,32.28,2187960.0000000005,3281940000.0000005,8204850000.000001,820.4850000000001
United States,BLACKPINK,BORN PINK,Indie,2021,54.91,2449.16,10593.48,3.5,Premium,54.82,2.02,7347480.0,11021220000.0,27553050000.0,2755.305
Argentina,The Weeknd,After Hours,Pop,2020,6.8,4958.08,17645.14,4.03,Free,194.82,4.91,14874240.0,22311360000.0,55778400000.0,5577.84
France,BTS,Proof,Jazz,2023,6.53,4982.14,14641.63,4.19,Premium,71.61,33.73,14946420.000000002,22419630000.000004,56049075000.00001,5604.907500000001
Canada,Bad Bunny,Nadie Sabe Lo Que Va a Pasar Mañana,R&B,2022,32.48,3703.62,11916.64,3.68,Premium,189.56,22.98,11110860.0,16666290000.0,41665725000.0,4166.5725
Turkey,The Weeknd,After Hours,Rock,2022,31.6,2477.66,6641.4,2.97,Free,4.97,19.64,7432980.0,11149470000.0,27873675000.0,2787.3675
Japan,SZA,SOS,Classical,2019,80.84,1736.76,4958.31,4.1,Premium,12.85,6.76,5210280.0,7815420000.0,19538550000.0,1953.855
United Kingdom,Post Malone,Austin,Hip Hop,2022,86.21,4804.77,15601.96,4.38,Premium,117.62,14.13,14414310.000000002,21621465000.000004,54053662500.00001,5405.366250000001
Japan,Bad Bunny,Nadie Sabe Lo Que Va a Pasar Mañana,Reggaeton,2023,94.92,3969.62,17550.98,3.8,Free,141.73,22.92,11908860.0,17863290000.0,44658225000.0,4465.8225
Argentina,Post Malone,Austin,Indie,2019,66.89,4081.55,13292.66,3.97,Premium,26.34,29.42,12244650.0,18366975000.0,45917437500.0,4591.74375
Turkey,BLACKPINK,BORN PINK,Classical,2018,19.03,1625.17,6691.82,3.72,Free,187.4,6.49,4875510.0,7313265000.0,18283162500.0,1828.31625
Brazil,The Weeknd,After Hours,Indie,2020,17.62,4432.34,11867.38,3.92,Premium,89.88,11.34,13297020.0,19945530000.0,49863825000.0,4986.3825
France,Karol G,MAÑANA SERÁ BONITO,Hip Hop,2020,26.41,584.77,1463.42,3.27,Premium,193.85,35.5,1754310.0,2631465000.0,6578662500.0,657.86625
Russia,SZA,SOS,EDM,2020,55.06,552.07,1909.6,4.23,Free,33.37,3.87,1656210.0000000002,2484315000.0000005,6210787500.000001,621.0787500000001
India,BTS,Proof,Pop,2020,26.85,568.39,1809.54,4.28,Free,146.67,22.33,1705170.0,2557755000.0,6394387500.0,639.43875
Brazil,Olivia Rodrigo,Guts,Classical,2022,89.43,3537.3,11894.69,3.81,Premium,32.26,4.95,10611900.0,15917850000.0,39794625000.0,3979.4625
Australia,The Weeknd,After Hours,EDM,2023,55.86,4631.59,16582.25,3.82,Premium,48.27,2.94,13894770.000000002,20842155000.000004,52105387500.00001,5210.538750000001
Turkey,Ariana Grande,Eternal Sunshine,Rock,2019,6.4,68.89,184.3,4.15,Premium,40.74,2.0,206670.0,310005000.0,775012500.0,77.50125
Canada,Billie Eilish,Happier Than Ever,K-pop,2018,47.88,621.77,2530.45,3.44,Premium,19.14,22.22,1865310.0,2797965000.0,6994912500.0,699.49125
Canada,Olivia Rodrigo,Guts,EDM,2020,19.47,270.85,915.33,3.03,Premium,113.29,6.89,812550.0000000001,1218825000.0000002,3047062500.0000005,304.70625000000007
Germany,Drake,For All The Dogs,Indie,2022,41.98,3794.46,11212.73,2.62,Premium,163.86,17.33,11383380.0,17075070000.0,42687675000.0,4268.7675
South Africa,Billie Eilish,Happier Than Ever,Rock,2022,88.28,2407.5,6398.92,4.31,Free,100.92,36.12,7222500.0,10833750000.0,27084375000.0,2708.4375
Turkey,Billie Eilish,Happier Than Ever,Classical,2019,12.91,3798.08,10808.42,4.47,Free,161.88,5.92,11394240.0,17091360000.0,42728400000.0,4272.84
Netherlands,Drake,For All The Dogs,EDM,2019,99.73,3154.77,13149.76,3.02,Free,18.32,22.7,9464310.0,14196465000.0,35491162500.0,3549.11625
South Africa,Olivia Rodrigo,Guts,K-pop,2022,46.36,4373.66,17814.36,3.75,Premium,23.39,6.84,13120980.0,19681470000.0,49203675000.0,4920.3675
Turkey,Ed Sheeran,Autumn Variations,Classical,2018,92.57,2835.28,7660.87,3.07,Premium,175.7,11.3,8505840.000000002,12758760000.000002,31896900000.000004,3189.6900000000005
Russia,Ed Sheeran,Autumn Variations,Classical,2021,4.71,1413.3,3939.86,3.72,Premium,8.72,35.69,4239900.0,6359850000.0,15899625000.0,1589.9625
Japan,Karol G,MAÑANA SERÁ BONITO,R&B,2018,74.83,4608.13,19787.6,2.54,Premium,62.88,33.87,13824390.000000002,20736585000.000004,51841462500.00001,5184.146250000001
Germany,Doja Cat,Scarlet,R&B,2019,30.75,3731.43,15105.06,3.14,Premium,121.39,4.48,11194290.0,16791435000.0,41978587500.0,4197.85875
Sweden,The Weeknd,After Hours,EDM,2023,48.96,2606.68,8466.03,2.61,Free,14.06,28.67,7820040.0,11730060000.0,29325150000.0,2932.515
Spain,Bad Bunny,Nadie Sabe Lo Que Va a Pasar Mañana,Jazz,2022,3.87,1004.18,4183.27,4.17,Free,7.58,2.97,3012540.0,4518810000.0,11297025000.0,1129.7025
Italy,Karol G,MAÑANA SERÁ BONITO,R&B,2020,37.47,2347.88,7733.65,4.35,Free,49.15,20.06,7043640.000000001,10565460000.000002,26413650000.000004,2641.3650000000002
Sweden,Bad Bunny,Nadie Sabe Lo Que Va a Pasar Mañana,Rock,2022,55.58,1754.03,7323.61,3.02,Free,57.73,16.08,5262090.0,7893135000.0,19732837500.0,1973.28375
Canada,Doja Cat,Scarlet,Classical,2019,85.85,3254.53,12547.48,3.04,Premium,103.14,34.72,9763590.0,14645385000.0,36613462500.0,3661.34625
United States,Dua Lipa,Future Nostalgia,Reggaeton,2023,18.15,4014.28,11832.25,3.72,Premium,142.84,28.67,12042840.0,18064260000.0,45160650000.0,4516.065
Mexico,BLACKPINK,BORN PINK,EDM,2020,46.44,1130.13,3508.25,3.54,Premium,117.31,1.29,3390390.0000000005,5085585000.000001,12713962500.000002,1271.3962500000002
Italy,Ariana Grande,Eternal Sunshine,Classical,2022,28.99,3437.85,11906.91,3.17,Premium,128.48,34.6,10313550.0,15470325000.0,38675812500.0,3867.58125
Mexico,Billie Eilish,Happier Than Ever,K-pop,2019,15.84,3839.1,16505.73,4.11,Premium,132.45,27.55,11517300.0,17275950000.0,43189875000.0,4318.9875
United States,Billie Eilish,Happier Than Ever,Rock,2020,26.68,2121.9,6952.51,2.57,Free,69.29,28.82,6365700.0,9548550000.0,23871375000.0,2387.1375
South Africa,Billie Eilish,Happier Than Ever,Rock,2023,36.49,1535.96,4362.09,3.82,Free,59.46,19.36,4607880.000000001,6911820000.000001,17279550000.000004,1727.9550000000004
Mexico,Karol G,MAÑANA SERÁ BONITO,Jazz,2019,94.75,4502.98,17151.26,2.94,Free,149.1,12.98,13508939.999999998,20263409999.999996,50658524999.99999,5065.852499999999
Japan,Olivia Rodrigo,Guts,K-pop,2022,30.11,4263.51,14671.05,4.23,Free,94.97,8.59,12790530.0,19185795000.0,47964487500.0,4796.44875
Germany,Doja Cat,Scarlet,EDM,2022,30.54,317.61,1336.66,2.77,Free,69.19,39.5,952830.0000000001,1429245000.0000002,3573112500.0000005,357.31125000000003
Sweden,Bad Bunny,Nadie Sabe Lo Que Va a Pasar Mañana,Indie,2023,18.86,450.02,1424.43,4.47,Premium,127.27,1.18,1350060.0,2025090000.0,5062725000.0,506.2725
Mexico,The Weeknd,After Hours,Reggaeton,2022,76.68,2473.41,9960.76,2.68,Premium,127.06,16.73,7420230.0,11130345000.0,27825862500.0,2782.58625
Russia,BLACKPINK,BORN PINK,Pop,2018,53.84,3666.76,16134.25,4.28,Free,4.57,1.16,11000280.0,16500420000.0,41251050000.0,4125.105
France,The Weeknd,After Hours,Indie,2020,13.76,1948.57,7165.56,2.83,Free,60.34,12.34,5845709.999999999,8768564999.999998,21921412499.999996,2192.1412499999997
Indonesia,Ed Sheeran,Autumn Variations,Jazz,2020,43.93,3449.56,9546.93,4.49,Premium,72.49,8.35,10348680.0,15523020000.0,38807550000.0,3880.755
Spain,Taylor Swift,1989 (Taylor's Version),R&B,2019,72.99,699.47,2775.6,3.68,Free,25.51,28.73,2098410.0000000005,3147615000.0000005,7869037500.000001,786.9037500000001
India,BLACKPINK,BORN PINK,K-pop,2022,62.69,2989.92,7761.6,2.72,Free,10.6,5.52,8969760.0,13454640000.0,33636600000.0,3363.66
Sweden,BLACKPINK,BORN PINK,Hip Hop,2022,26.02,3524.25,10259.06,3.87,Free,60.92,26.8,10572750.000000002,15859125000.000002,39647812500.00001,3964.781250000001
Indonesia,BTS,Proof,Classical,2022,70.37,2123.19,9123.87,3.52,Free,57.26,31.61,6369570.0,9554355000.0,23885887500.0,2388.58875
Russia,The Weeknd,After Hours,Classical,2019,78.02,4165.92,18522.68,3.22,Premium,59.77,2.54,12497760.000000002,18746640000.000004,46866600000.00001,4686.660000000001
Russia,SZA,SOS,R&B,2023,93.38,1686.49,4225.46,3.84,Free,167.21,27.09,5059470.0,7589205000.0,18973012500.0,1897.30125
United Kingdom,Drake,For All The Dogs,Jazz,2018,72.63,551.39,1660.67,2.96,Premium,53.56,2.95,1654170.0,2481255000.0,6203137500.0,620.31375
Canada,Doja Cat,Scarlet,Pop,2020,36.66,3399.99,11396.73,2.73,Free,2.92,6.4,10199970.0,15299955000.0,38249887500.0,3824.98875
Canada,Olivia Rodrigo,Guts,Indie,2021,95.55,1378.13,5465.85,3.25,Premium,37.39,16.63,4134390.0000000005,6201585000.000001,15503962500.000002,1550.3962500000002
Sweden,BTS,Proof,EDM,2023,85.22,4009.5,15226.85,4.09,Free,27.37,29.33,12028500.000000002,18042750000.000004,45106875000.00001,4510.687500000001
Canada,Drake,For All The Dogs,EDM,2022,48.78,2866.27,9677.46,3.72,Premium,122.66,34.64,8598810.0,12898215000.0,32245537500.0,3224.55375
United Kingdom,Dua Lipa,Future Nostalgia,Rock,2018,88.87,2231.41,5861.18,3.81,Free,141.21,27.44,6694230.0,10041345000.0,25103362500.0,2510.33625
Turkey,Karol G,MAÑANA SERÁ BONITO,Classical,2019,97.81,3365.73,10691.58,3.55,Free,87.14,29.34,10097190.0,15145785000.0,37864462500.0,3786.44625
Russia,Olivia Rodrigo,Guts,EDM,2019,84.06,2813.8,12593.4,2.61,Free,101.61,19.3,8441400.000000002,12662100000.000002,31655250000.000004,3165.5250000000005
Russia,Doja Cat,Scarlet,Reggaeton,2018,75.39,1637.14,5176.29,3.06,Free,110.55,15.77,4911420.000000001,7367130000.000001,18417825000.000004,1841.7825000000005
France,Drake,For All The Dogs,Rock,2021,80.32,2268.09,9555.87,3.39,Free,196.15,30.06,6804270.000000001,10206405000.000002,25516012500.000004,2551.60125
United States,Drake,For All The Dogs,EDM,2021,4.55,2768.04,11492.4,4.08,Premium,178.13,22.93,8304119.999999999,12456179999.999998,31140449999.999996,3114.0449999999996
Sweden,Olivia Rodrigo,Guts,Indie,2018,81.84,4229.37,13381.5,4.03,Premium,143.61,15.17,12688110.0,19032165000.0,47580412500.0,4758.04125
Sweden,Drake,For All The Dogs,Hip Hop,2023,22.95,1739.72,7236.83,4.43,Premium,109.99,15.58,5219160.0,7828740000.0,19571850000.0,1957.185
Germany,Taylor Swift,1989 (Taylor's Version),Reggaeton,2021,14.9,3598.44,14189.07,2.71,Free,38.32,37.28,10795320.0,16192980000.0,40482450000.0,4048.245
Spain,The Weeknd,After Hours,Rock,2019,71.96,583.44,1942.24,4.35,Free,154.66,18.57,1750320.0,2625480000.0,6563700000.0,656.37
Turkey,Ariana Grande,Eternal Sunshine,Reggaeton,2021,1.43,3694.26,13323.17,3.37,Premium,184.95,31.46,11082780.000000002,16624170000.000002,41560425000.00001,4156.0425000000005
Canada,Karol G,MAÑANA SERÁ BONITO,Classical,2019,73.32,685.49,2244.85,3.7,Premium,101.32,16.0,2056470.0,3084705000.0,7711762500.0,771.17625
Argentina,SZA,SOS,R&B,2020,40.39,1747.15,5395.81,4.11,Free,83.14,28.3,5241450.0,7862175000.0,19655437500.0,1965.54375
Indonesia,BTS,Proof,Jazz,2020,71.48,4680.78,17623.92,2.9,Premium,137.64,36.93,14042340.0,21063510000.0,52658775000.0,5265.8775
United Kingdom,Karol G,MAÑANA SERÁ BONITO,Reggaeton,2022,54.71,3202.54,12556.22,4.02,Premium,116.98,37.76,9607620.0,14411430000.0,36028575000.0,3602.8575
Netherlands,Billie Eilish,Happier Than Ever,Jazz,2020,87.87,2140.81,5406.7,2.71,Premium,29.92,27.14,6422430.0,9633645000.0,24084112500.0,2408.41125
Australia,BTS,Proof,Reggaeton,2020,68.66,774.82,2033.18,4.07,Free,150.97,2.26,2324460.0,3486690000.0,8716725000.0,871.6725
Sweden,Drake,For All The Dogs,Classical,2023,74.21,4330.97,17258.16,3.62,Free,102.67,32.08,12992910.0,19489365000.0,48723412500.0,4872.34125
South Korea,Karol G,MAÑANA SERÁ BONITO,Pop,2021,39.37,4785.67,21304.11,3.13,Free,3.58,10.8,14357010.0,21535515000.0,53838787500.0,5383.87875
Argentina,Doja Cat,Scarlet,Rock,2019,91.24,3537.91,13427.31,4.01,Free,155.45,38.61,10613730.0,15920595000.0,39801487500.0,3980.14875
South Korea,Dua Lipa,Future Nostalgia,Reggaeton,2023,8.37,4814.25,19113.34,2.74,Free,86.27,22.71,14442750.0,21664125000.0,54160312500.0,5416.03125
United Kingdom,Bad Bunny,Nadie Sabe Lo Que Va a Pasar Mañana,Classical,2020,1.56,2358.34,10317.71,2.58,Premium,119.78,31.17,7075020.0,10612530000.0,26531325000.0,2653.1325
Argentina,Doja Cat,Scarlet,K-pop,2021,79.2,2773.29,7337.46,3.92,Free,191.44,21.3,8319870.0,12479805000.0,31199512500.0,3119.95125
Indonesia,Bad Bunny,Nadie Sabe Lo Que Va a Pasar Mañana,EDM,2022,54.17,505.13,1486.29,2.93,Premium,66.88,12.45,1515390.0,2273085000.0,5682712500.0,568.27125
Argentina,Ariana Grande,Eternal Sunshine,Rock,2022,82.55,4906.61,12352.92,3.84,Premium,48.83,26.05,14719830.0,22079745000.0,55199362500.0,5519.93625
Argentina,The Weeknd,After Hours,Pop,2023,88.68,1937.79,7930.24,2.73,Premium,108.51,12.03,5813370.0,8720055000.0,21800137500.0,2180.01375
Indonesia,Doja Cat,Scarlet,Indie,2022,80.48,2255.51,5836.59,4.3,Free,64.74,4.21,6766530.0,10149795000.0,25374487500.0,2537.44875
Germany,Bad Bunny,Nadie Sabe Lo Que Va a Pasar Mañana,Jazz,2022,1.73,374.09,1436.76,4.05,Premium,167.3,9.02,1122269.9999999998,1683404999.9999998,4208512499.9999995,420.85124999999994
Netherlands,Billie Eilish,Happier Than Ever,Hip Hop,2023,68.92,167.58,659.22,2.58,Free,11.8,31.97,502740.00000000006,754110000.0000001,1885275000.0000002,188.52750000000003
South Africa,Drake,For All The Dogs,Classical,2019,91.19,2067.78,7035.11,3.31,Premium,4.36,27.26,6203340.000000001,9305010000.000002,23262525000.000004,2326.2525000000005
South Africa,Taylor Swift,1989 (Taylor's Version),Classical,2018,75.84,2948.76,11505.37,2.65,Free,58.68,27.75,8846280.0,13269420000.0,33173550000.0,3317.355
Argentina,Drake,For All The Dogs,K-pop,2021,38.76,4119.51,10552.69,2.81,Free,28.14,16.25,12358530.000000002,18537795000.000004,46344487500.00001,4634.4487500000005
South Africa,BTS,Proof,Reggaeton,2020,68.05,4575.14,18712.48,3.96,Premium,191.52,1.43,13725420.000000002,20588130000.000004,51470325000.00001,5147.032500000001
South Africa,Bad Bunny,Nadie Sabe Lo Que Va a Pasar Mañana,Hip Hop,2018,1.5,3003.44,10735.21,4.39,Premium,42.8,29.92,9010320.0,13515480000.0,33788700000.0,3378.87
Italy,The Weeknd,After Hours,EDM,2023,85.29,755.15,2165.76,3.73,Premium,39.67,8.07,2265450.0,3398175000.0,8495437500.0,849.54375
Turkey,Doja Cat,Scarlet,Pop,2022,46.67,2770.84,8537.8,2.63,Free,40.29,23.64,8312520.000000001,12468780000.000002,31171950000.000004,3117.195
Japan,Olivia Rodrigo,Guts,Reggaeton,2023,65.89,545.22,2038.59,4.3,Premium,97.69,13.81,1635660.0,2453490000.0,6133725000.0,613.3725
South Korea,Karol G,MAÑANA SERÁ BONITO,Classical,2019,56.99,1854.24,5808.72,3.36,Free,63.33,31.64,5562720.000000001,8344080000.000001,20860200000.000004,2086.0200000000004
Netherlands,BTS,Proof,Indie,2019,68.28,1691.24,5851.53,3.39,Premium,97.91,5.24,5073720.0,7610580000.0,19026450000.0,1902.645
Argentina,Drake,For All The Dogs,K-pop,2019,89.24,1022.34,4055.71,3.75,Free,178.53,34.13,3067020.0000000005,4600530000.000001,11501325000.000002,1150.1325000000002
United States,Doja Cat,Scarlet,Classical,2022,41.11,2970.68,12811.38,3.6,Premium,131.13,6.8,8912040.0,13368060000.0,33420150000.0,3342.015
Spain,The Weeknd,After Hours,Classical,2023,85.86,712.71,2496.09,2.68,Premium,100.93,26.84,2138130.0000000005,3207195000.0000005,8017987500.000001,801.79875
Argentina,Billie Eilish,Happier Than Ever,Reggaeton,2022,14.9,838.15,3044.76,3.63,Free,147.45,19.86,2514450.0,3771675000.0,9429187500.0,942.91875
Italy,Taylor Swift,1989 (Taylor's Version),R&B,2021,23.94,1358.57,4032.29,3.84,Premium,78.23,36.8,4075710.0,6113565000.0,15283912500.0,1528.39125
India,Taylor Swift,1989 (Taylor's Version),Indie,2018,70.67,2630.8,10942.27,4.17,Premium,116.15,23.24,7892400.0,11838600000.0,29596500000.0,2959.65
Spain,Billie Eilish,Happier Than Ever,EDM,2020,59.18,4496.22,11940.5,3.0,Free,103.76,14.76,13488660.000000002,20232990000.000004,50582475000.00001,5058.2475
Italy,Dua Lipa,Future Nostalgia,Rock,2022,1.65,4416.07,14925.42,2.96,Premium,43.09,8.29,13248210.0,19872315000.0,49680787500.0,4968.07875
Italy,Ed Sheeran,Autumn Variations,Hip Hop,2023,23.8,4065.3,16019.36,3.46,Premium,96.33,24.04,12195900.0,18293850000.0,45734625000.0,4573.4625
Netherlands,Taylor Swift,1989 (Taylor's Version),R&B,2018,13.66,2982.12,8258.83,3.53,Free,12.13,11.07,8946360.0,13419540000.0,33548850000.0,3354.885
Canada,Ariana Grande,Eternal Sunshine,EDM,2022,96.96,3206.23,13648.98,3.96,Premium,189.5,9.45,9618690.0,14428035000.0,36070087500.0,3607.00875
Argentina,Dua Lipa,Future Nostalgia,Rock,2019,22.72,2083.3,5802.87,3.67,Free,125.02,20.92,6249900.0,9374850000.0,23437125000.0,2343.7125
Canada,Karol G,MAÑANA SERÁ BONITO,Indie,2021,60.06,390.77,1272.51,2.76,Free,41.27,34.52,1172310.0,1758465000.0,4396162500.0,439.61625
Indonesia,Billie Eilish,Happier Than Ever,EDM,2019,60.95,928.24,3994.42,3.7,Free,19.54,26.72,2784720.0,4177080000.0,10442700000.0,1044.27
Argentina,Ariana Grande,Eternal Sunshine,Pop,2023,65.27,2634.12,8536.54,2.59,Premium,46.67,32.29,7902360.0,11853540000.0,29633850000.0,2963.385
Spain,Olivia Rodrigo,Guts,Classical,2023,90.88,4194.09,15317.83,3.35,Premium,95.95,10.07,12582270.000000002,18873405000.000004,47183512500.00001,4718.351250000001
Brazil,BTS,Proof,Classical,2022,41.46,985.65,3862.07,4.08,Free,104.43,15.63,2956950.0,4435425000.0,11088562500.0,1108.85625
Australia,Karol G,MAÑANA SERÁ BONITO,Indie,2021,36.86,816.15,3103.94,3.01,Premium,113.37,24.86,2448450.0,3672675000.0,9181687500.0,918.16875
Spain,Post Malone,Austin,R&B,2021,55.66,2809.94,8029.23,3.62,Premium,51.5,12.96,8429820.000000002,12644730000.000002,31611825000.000004,3161.1825000000003
Italy,Post Malone,Austin,EDM,2023,14.67,4325.96,11845.22,2.96,Free,20.96,20.83,12977880.0,19466820000.0,48667050000.0,4866.705
Japan,Post Malone,Austin,Jazz,2022,70.01,3548.61,10012.32,4.43,Free,161.07,33.11,10645830.0,15968745000.0,39921862500.0,3992.18625
Russia,SZA,SOS,Classical,2021,9.73,1352.31,4383.74,3.72,Premium,186.21,16.63,4056929.9999999995,6085394999.999999,15213487499.999998,1521.3487499999999
Indonesia,BTS,Proof,Classical,2018,94.63,4110.13,15538.69,3.38,Free,170.26,37.3,12330390.000000002,18495585000.000004,46238962500.00001,4623.896250000001
Indonesia,BTS,Proof,R&B,2018,78.61,2577.21,10043.13,3.73,Free,72.59,26.55,7731630.0,11597445000.0,28993612500.0,2899.36125
Canada,Drake,For All The Dogs,K-pop,2021,35.96,2005.96,7366.21,3.54,Free,183.92,22.43,6017880.0,9026820000.0,22567050000.0,2256.705
South Africa,SZA,SOS,Classical,2020,35.4,4086.8,12066.65,4.43,Premium,186.01,23.42,12260400.0,18390600000.0,45976500000.0,4597.65
Mexico,Bad Bunny,Nadie Sabe Lo Que Va a Pasar Mañana,EDM,2022,11.54,408.31,1261.07,4.39,Premium,175.35,32.71,1224930.0,1837395000.0,4593487500.0,459.34875
Turkey,BTS,Proof,Rock,2021,56.75,3861.34,15503.07,4.42,Premium,136.64,35.96,11584020.0,17376030000.0,43440075000.0,4344.0075
United States,Dua Lipa,Future Nostalgia,Hip Hop,2020,7.69,3186.63,14302.86,3.85,Free,160.23,17.08,9559890.000000002,14339835000.000002,35849587500.00001,3584.9587500000007
Italy,Ariana Grande,Eternal Sunshine,Jazz,2018,70.38,1353.58,4161.69,3.3,Premium,16.13,37.32,4060740.0,6091110000.0,15227775000.0,1522.7775
Russia,Olivia Rodrigo,Guts,Indie,2019,89.54,1381.93,6072.53,3.87,Free,100.3,8.79,4145790.0,6218685000.0,15546712500.0,1554.67125
France,Doja Cat,Scarlet,K-pop,2019,23.69,4182.96,17454.11,3.21,Free,24.86,4.06,12548880.0,18823320000.0,47058300000.0,4705.83
Russia,Ed Sheeran,Autumn Variations,Pop,2022,95.84,4247.65,13772.55,3.13,Premium,98.67,39.39,12742949.999999998,19114424999.999996,47786062499.99999,4778.606249999999
Indonesia,BTS,Proof,EDM,2019,75.27,684.82,2432.12,3.35,Free,100.99,16.35,2054460.0000000002,3081690000.0000005,7704225000.000001,770.4225000000001
Canada,Dua Lipa,Future Nostalgia,Hip Hop,2023,52.3,1612.47,4058.32,3.85,Premium,116.62,13.69,4837410.0,7256115000.0,18140287500.0,1814.02875
Argentina,Doja Cat,Scarlet,K-pop,2019,55.31,1223.84,4213.3,3.73,Premium,37.6,17.53,3671519.9999999995,5507279999.999999,13768199999.999998,1376.8199999999997
Netherlands,Karol G,MAÑANA SERÁ BONITO,Indie,2020,85.58,1434.17,4101.41,2.76,Free,163.02,29.11,4302510.000000001,6453765000.000001,16134412500.000002,1613.44125
France,Ariana Grande,Eternal Sunshine,EDM,2021,20.41,4010.19,15948.86,3.45,Free,36.14,20.48,12030570.0,18045855000.0,45114637500.0,4511.46375
Indonesia,Ariana Grande,Eternal Sunshine,Indie,2021,30.7,2832.59,10298.36,3.3,Free,12.95,32.74,8497770.000000002,12746655000.000002,31866637500.000004,3186.66375
Russia,Doja Cat,Scarlet,Hip Hop,2021,74.71,1335.86,4302.29,3.61,Premium,69.48,17.06,4007580.0,6011370000.0,15028425000.0,1502.8425
Italy,Doja Cat,Scarlet,Classical,2019,58.11,3266.83,11685.05,4.46,Premium,71.67,27.25,9800490.0,14700735000.0,36751837500.0,3675.18375
Russia,Post Malone,Austin,Rock,2018,38.73,1468.29,5525.8,2.79,Free,128.48,37.21,4404870.0,6607305000.0,16518262500.0,1651.82625
Netherlands,Billie Eilish,Happier Than Ever,Classical,2022,41.07,4540.01,12068.36,3.19,Premium,64.06,12.36,13620030.000000002,20430045000.000004,51075112500.00001,5107.5112500000005
Mexico,Ed Sheeran,Autumn Variations,EDM,2020,88.88,3915.82,17141.66,4.0,Premium,83.38,8.17,11747460.0,17621190000.0,44052975000.0,4405.2975
United States,Bad Bunny,Nadie Sabe Lo Que Va a Pasar Mañana,R&B,2023,25.91,3732.18,14926.78,2.92,Premium,21.5,3.49,11196540.0,16794810000.0,41987025000.0,4198.7025
Russia,Ariana Grande,Eternal Sunshine,Pop,2018,77.32,2643.71,11875.62,2.71,Free,17.78,37.33,7931130.0,11896695000.0,29741737500.0,2974.17375
Spain,BTS,Proof,R&B,2019,74.02,2243.64,6176.34,3.55,Free,6.69,26.88,6730919.999999999,10096379999.999998,25240949999.999996,2524.095
Japan,Doja Cat,Scarlet,Rock,2021,97.52,2725.89,8299.87,3.39,Free,118.58,18.81,8177669.999999999,12266504999.999998,30666262499.999996,3066.62625
Turkey,BLACKPINK,BORN PINK,Jazz,2023,64.31,1582.82,5056.06,3.58,Free,88.93,15.27,4748460.0,7122690000.0,17806725000.0,1780.6725
Mexico,Bad Bunny,Nadie Sabe Lo Que Va a Pasar Mañana,K-pop,2018,1.01,4086.13,17144.96,3.19,Premium,107.48,27.82,12258390.0,18387585000.0,45968962500.0,4596.89625
Russia,Post Malone,Austin,Rock,2020,1.9,2180.65,6729.15,2.96,Free,110.09,8.35,6541950.000000001,9812925000.000002,24532312500.000004,2453.2312500000003
South Africa,BLACKPINK,BORN PINK,EDM,2019,17.16,3698.73,12129.79,3.26,Premium,16.76,25.39,11096190.0,16644285000.0,41610712500.0,4161.07125
Indonesia,Post Malone,Austin,Classical,2023,68.78,1459.15,5815.96,4.12,Premium,38.41,3.67,4377450.000000001,6566175000.000001,16415437500.000002,1641.5437500000003
United Kingdom,BTS,Proof,Hip Hop,2023,46.08,2291.2,8937.85,3.48,Premium,4.86,2.94,6873600.0,10310400000.0,25776000000.0,2577.6
South Africa,Taylor Swift,1989 (Taylor's Version),Reggaeton,2018,28.93,668.94,2258.9,2.52,Free,30.99,20.25,2006820.0000000002,3010230000.0000005,7525575000.000001,752.5575000000001
Japan,BLACKPINK,BORN PINK,K-pop,2021,99.8,2345.24,9575.26,3.16,Free,12.15,31.25,7035719.999999999,10553579999.999998,26383949999.999996,2638.3949999999995
Brazil,Ariana Grande,Eternal Sunshine,Rock,2019,20.03,4215.62,17429.49,4.16,Free,194.95,28.87,12646860.0,18970290000.0,47425725000.0,4742.5725
Spain,Post Malone,Austin,Rock,2019,74.02,215.88,738.67,4.04,Free,95.09,27.58,647640.0,971460000.0,2428650000.0,242.865
South Korea,SZA,SOS,Indie,2019,63.29,258.82,1132.3,3.54,Premium,96.76,12.65,776460.0,1164690000.0,2911725000.0,291.1725
Italy,SZA,SOS,Pop,2023,22.56,609.0,2293.38,3.15,Free,159.08,23.8,1827000.0,2740500000.0,6851250000.0,685.125
Spain,Post Malone,Austin,R&B,2018,96.91,2926.33,11358.56,3.88,Free,74.91,4.49,8778990.0,13168485000.0,32921212500.0,3292.12125
Canada,Dua Lipa,Future Nostalgia,Hip Hop,2023,62.25,4657.7,20931.45,3.75,Free,71.75,7.0,13973100.0,20959650000.0,52399125000.0,5239.9125
South Africa,Post Malone,Austin,Hip Hop,2019,49.3,1617.86,5851.32,3.79,Premium,161.3,18.11,4853580.0,7280370000.0,18200925000.0,1820.0925
Australia,Taylor Swift,1989 (Taylor's Version),EDM,2020,72.72,1290.95,3329.33,3.91,Premium,109.0,20.11,3872850.0,5809275000.0,14523187500.0,1452.31875
Turkey,Bad Bunny,Nadie Sabe Lo Que Va a Pasar Mañana,Jazz,2020,33.04,2368.55,10031.58,3.7,Free,14.71,7.05,7105650.000000001,10658475000.000002,26646187500.000004,2664.6187500000005
South Korea,Doja Cat,Scarlet,K-pop,2022,37.34,53.56,202.25,3.26,Free,176.7,25.17,160680.00000000003,241020000.00000003,602550000.0000001,60.25500000000001
Italy,Post Malone,Austin,Classical,2019,32.75,363.54,1612.05,4.14,Free,105.29,20.4,1090620.0000000002,1635930000.0000002,4089825000.0000005,408.9825000000001
South Africa,Bad Bunny,Nadie Sabe Lo Que Va a Pasar Mañana,Classical,2020,32.94,3222.47,8768.11,3.55,Free,9.71,37.57,9667410.0,14501115000.0,36252787500.0,3625.27875
Canada,Doja Cat,Scarlet,Pop,2019,11.6,998.5,2559.79,3.78,Premium,131.93,21.51,2995500.0000000005,4493250000.000001,11233125000.000002,1123.3125000000002
Turkey,BTS,Proof,Pop,2020,22.85,3603.33,9102.63,4.34,Premium,185.75,33.45,10809990.0,16214985000.0,40537462500.0,4053.74625
Sweden,Post Malone,Austin,Pop,2020,56.24,4694.31,15641.0,3.24,Free,164.9,11.37,14082930.000000002,21124395000.000004,52810987500.00001,5281.098750000001
India,Karol G,MAÑANA SERÁ BONITO,Hip Hop,2020,8.72,1118.71,3959.08,2.7,Free,106.8,8.39,3356130.0000000005,5034195000.000001,12585487500.000002,1258.5487500000002
Indonesia,Billie Eilish,Happier Than Ever,R&B,2022,62.91,935.54,3740.65,3.33,Free,153.49,23.49,2806620.0,4209930000.0,10524825000.0,1052.4825
Sweden,Karol G,MAÑANA SERÁ BONITO,EDM,2018,17.51,942.96,3114.7,3.18,Free,107.25,24.4,2828880.0000000005,4243320000.0000005,10608300000.000002,1060.8300000000002
Italy,SZA,SOS,Indie,2022,99.15,1657.04,5374.51,4.03,Premium,165.4,13.61,4971120.0,7456680000.0,18641700000.0,1864.17
France,Ed Sheeran,Autumn Variations,Jazz,2019,38.13,2773.68,11064.64,3.22,Premium,90.05,16.49,8321040.0,12481560000.0,31203900000.0,3120.39
India,BTS,Proof,Classical,2018,52.24,4967.39,15417.21,3.1,Free,43.75,13.28,14902170.000000002,22353255000.000004,55883137500.00001,5588.313750000001
Mexico,SZA,SOS,Jazz,2022,56.08,4633.32,13016.99,2.58,Premium,32.07,11.33,13899960.0,20849940000.0,52124850000.0,5212.485
Turkey,The Weeknd,After Hours,R&B,2020,81.3,504.93,1666.07,4.34,Free,144.99,31.92,1514790.0,2272185000.0,5680462500.0,568.04625
Canada,Dua Lipa,Future Nostalgia,Classical,2018,59.93,1536.95,6088.75,3.65,Free,156.24,36.95,4610850.0,6916275000.0,17290687500.0,1729.06875
Japan,Olivia Rodrigo,Guts,EDM,2021,93.09,646.68,2613.09,4.0,Free,127.14,25.66,1940040.0,2910060000.0,7275150000.0,727.515
India,BTS,Proof,Jazz,2018,32.61,2846.32,8976.33,3.9,Free,11.05,29.53,8538960.000000002,12808440000.000002,32021100000.000004,3202.1100000000006
Spain,Dua Lipa,Future Nostalgia,Classical,2022,50.97,1149.32,3539.41,3.29,Free,67.9,19.56,3447959.9999999995,5171939999.999999,12929849999.999998,1292.985
India,Ariana Grande,Eternal Sunshine,EDM,2020,9.42,2534.02,10256.83,2.76,Free,96.7,8.73,7602060.0,11403090000.0,28507725000.0,2850.7725
Spain,Billie Eilish,Happier Than Ever,Classical,2019,56.56,4985.54,17691.17,2.98,Premium,155.58,13.61,14956620.0,22434930000.0,56087325000.0,5608.7325
Turkey,Drake,For All The Dogs,Hip Hop,2023,41.94,1858.07,5353.06,3.19,Free,154.17,7.6,5574210.0,8361315000.0,20903287500.0,2090.32875
Italy,Ed Sheeran,Autumn Variations,Rock,2022,15.44,272.14,1125.66,2.9,Premium,32.04,29.41,816419.9999999999,1224629999.9999998,3061574999.9999995,306.15749999999997
Brazil,Drake,For All The Dogs,Pop,2019,94.95,4637.31,19650.62,4.14,Free,69.31,32.37,13911930.000000002,20867895000.000004,52169737500.00001,5216.973750000001
South Korea,Dua Lipa,Future Nostalgia,Rock,2018,33.86,3713.06,10856.06,3.59,Premium,110.21,25.3,11139180.0,16708770000.0,41771925000.0,4177.1925
United Kingdom,Karol G,MAÑANA SERÁ BONITO,Pop,2021,58.72,3334.47,8626.15,2.84,Premium,40.94,28.16,10003409.999999998,15005114999.999998,37512787499.99999,3751.278749999999
Mexico,Taylor Swift,1989 (Taylor's Version),Rock,2023,94.57,379.66,1450.58,3.83,Premium,172.99,1.74,1138980.0,1708470000.0,4271175000.0,427.1175
Spain,The Weeknd,After Hours,EDM,2022,97.68,543.04,1700.21,4.23,Free,38.1,20.53,1629120.0,2443680000.0,6109200000.0,610.92
Sweden,Ariana Grande,Eternal Sunshine,Pop,2018,25.49,2670.61,8458.19,3.29,Free,4.66,27.69,8011830.0,12017745000.0,30044362500.0,3004.43625
Italy,Billie Eilish,Happier Than Ever,K-pop,2019,99.6,4894.01,14935.33,2.62,Premium,175.86,35.73,14682030.000000002,22023045000.000004,55057612500.00001,5505.7612500000005
United States,Ariana Grande,Eternal Sunshine,K-pop,2019,16.02,4491.02,17128.14,2.68,Premium,104.62,27.44,13473060.000000002,20209590000.000004,50523975000.00001,5052.397500000001
France,BLACKPINK,BORN PINK,R&B,2022,16.12,4854.16,20967.4,3.16,Free,42.14,6.4,14562479.999999998,21843719999.999996,54609299999.99999,5460.929999999999
South Africa,Billie Eilish,Happier Than Ever,R&B,2019,31.59,3540.43,12560.07,2.77,Free,131.59,23.03,10621290.0,15931935000.0,39829837500.0,3982.98375
Canada,Olivia Rodrigo,Guts,Hip Hop,2022,53.76,3611.23,10357.98,4.18,Free,145.69,30.85,10833690.0,16250535000.0,40626337500.0,4062.63375
Netherlands,BLACKPINK,BORN PINK,K-pop,2021,74.82,4117.41,15537.85,3.98,Free,156.04,5.16,12352230.0,18528345000.0,46320862500.0,4632.08625
Canada,Taylor Swift,1989 (Taylor's Version),Classical,2022,27.42,2856.86,8461.51,2.96,Free,72.49,27.84,8570580.000000002,12855870000.000002,32139675000.000004,3213.9675
Russia,Bad Bunny,Nadie Sabe Lo Que Va a Pasar Mañana,Jazz,2022,47.41,3265.36,9364.9,3.27,Premium,28.37,8.54,9796080.0,14694120000.0,36735300000.0,3673.53
India,BLACKPINK,BORN PINK,Pop,2020,95.07,1151.64,4425.38,2.91,Free,14.16,37.16,3454920.0000000005,5182380000.000001,12955950000.000002,1295.5950000000003
Sweden,Doja Cat,Scarlet,Classical,2021,69.1,4340.54,18556.56,3.36,Free,121.98,33.15,13021620.0,19532430000.0,48831075000.0,4883.1075
Japan,BLACKPINK,BORN PINK,Classical,2023,57.62,2703.99,10228.62,3.91,Free,104.61,18.61,8111969.999999999,12167954999.999998,30419887499.999996,3041.9887499999995
India,SZA,SOS,R&B,2022,54.25,4919.96,12686.13,3.27,Free,38.78,18.14,14759880.0,22139820000.0,55349550000.0,5534.955
South Korea,Post Malone,Austin,K-pop,2021,17.48,1507.38,6539.11,3.88,Free,93.25,26.2,4522140.0,6783210000.0,16958025000.0,1695.8025
Brazil,Karol G,MAÑANA SERÁ BONITO,Jazz,2018,18.8,2947.97,12642.83,3.59,Premium,83.3,18.58,8843910.0,13265865000.0,33164662500.0,3316.46625
Canada,Dua Lipa,Future Nostalgia,Classical,2023,89.68,4418.61,11843.46,3.15,Free,143.96,5.82,13255830.0,19883745000.0,49709362500.0,4970.93625
Germany,Karol G,MAÑANA SERÁ BONITO,Rock,2023,36.93,2642.9,8637.46,4.08,Free,76.36,15.84,7928700.0,11893050000.0,29732625000.0,2973.2625
Canada,SZA,SOS,Indie,2022,87.26,4320.23,12201.4,2.79,Free,84.5,13.07,12960690.0,19441035000.0,48602587500.0,4860.25875
Sweden,BTS,Proof,Reggaeton,2018,89.96,4804.15,12044.32,4.03,Free,92.27,34.36,14412450.0,21618675000.0,54046687500.0,5404.66875
